timestamp,date,hour,success,latency_ms,is_slow,consecutive_failures,slow_window_count,reset_reason
2026-02-26 18:19:05,2026-02-26,18:00,1,102,0,0,,
2026-02-26 18:19:10,2026-02-26,18:00,1,68,0,0,,
2026-02-26 18:19:15,2026-02-26,18:00,1,90,0,0,,
2026-02-26 18:19:21,2026-02-26,18:00,1,554,1,0,,
2026-02-26 18:19:26,2026-02-26,18:00,1,495,1,0,,
2026-02-26 18:19:32,2026-02-26,18:00,1,175,0,0,,
2026-02-26 18:19:37,2026-02-26,18:00,1,137,0,0,,
2026-02-26 18:19:42,2026-02-26,18:00,1,127,0,0,,
2026-02-26 18:19:48,2026-02-26,18:00,1,235,0,0,,
2026-02-26 18:19:53,2026-02-26,18:00,1,61,0,0,2,
2026-02-26 18:19:58,2026-02-26,18:00,1,922,1,0,3,
2026-02-26 18:20:04,2026-02-26,18:00,1,95,0,0,3,
2026-02-26 18:20:09,2026-02-26,18:00,1,229,0,0,3,
2026-02-26 18:20:14,2026-02-26,18:00,1,216,0,0,2,
2026-02-26 18:20:20,2026-02-26,18:00,1,300,0,0,1,
2026-02-26 18:20:25,2026-02-26,18:00,1,222,0,0,1,
2026-02-26 18:20:30,2026-02-26,18:00,1,347,1,0,2,
2026-02-26 18:20:36,2026-02-26,18:00,1,230,0,0,2,
2026-02-26 18:20:41,2026-02-26,18:00,1,104,0,0,2,
2026-02-26 18:20:46,2026-02-26,18:00,1,100,0,0,2,
2026-02-26 18:20:51,2026-02-26,18:00,1,183,0,0,1,
2026-02-26 18:20:56,2026-02-26,18:00,1,51,0,0,1,
2026-02-26 18:21:02,2026-02-26,18:00,1,111,0,0,1,
2026-02-26 18:21:07,2026-02-26,18:00,1,87,0,0,1,
2026-02-26 18:21:12,2026-02-26,18:00,1,52,0,0,1,
2026-02-26 18:21:17,2026-02-26,18:00,1,346,1,0,2,
2026-02-26 18:21:22,2026-02-26,18:00,1,147,0,0,1,
2026-02-26 18:21:28,2026-02-26,18:00,1,209,0,0,1,
2026-02-26 18:21:33,2026-02-26,18:00,1,92,0,0,1,
2026-02-26 18:21:38,2026-02-26,18:00,1,94,0,0,1,
2026-02-26 18:21:43,2026-02-26,18:00,1,163,0,0,1,
2026-02-26 18:21:48,2026-02-26,18:00,1,191,0,0,1,
2026-02-26 18:21:54,2026-02-26,18:00,1,1302,1,0,2,
2026-02-26 18:22:00,2026-02-26,18:00,1,1652,1,0,3,
2026-02-26 18:22:07,2026-02-26,18:00,1,42,0,0,3,
2026-02-26 18:22:12,2026-02-26,18:00,1,117,0,0,2,
2026-02-26 18:22:17,2026-02-26,18:00,1,107,0,0,2,
2026-02-26 18:22:22,2026-02-26,18:00,1,298,0,0,2,
2026-02-26 18:22:27,2026-02-26,18:00,1,288,0,0,2,
2026-02-26 18:22:33,2026-02-26,18:00,1,268,0,0,2,
2026-02-26 18:22:38,2026-02-26,18:00,1,112,0,0,2,
2026-02-26 18:22:43,2026-02-26,18:00,1,344,1,0,3,
2026-02-26 18:22:49,2026-02-26,18:00,1,289,0,0,2,
2026-02-26 18:22:54,2026-02-26,18:00,1,128,0,0,1,
2026-02-26 18:22:59,2026-02-26,18:00,1,244,0,0,1,
2026-02-26 18:23:04,2026-02-26,18:00,1,99,0,0,1,
2026-02-26 18:23:10,2026-02-26,18:00,1,466,1,0,2,
2026-02-26 18:23:15,2026-02-26,18:00,1,714,1,0,3,
2026-02-26 18:23:21,2026-02-26,18:00,1,647,1,0,4,
2026-02-26 18:23:27,2026-02-26,18:00,1,190,0,0,4,
2026-02-26 18:23:32,2026-02-26,18:00,1,131,0,0,4,
2026-02-26 18:23:37,2026-02-26,18:00,1,218,0,0,3,
2026-02-26 18:23:42,2026-02-26,18:00,1,41,0,0,3,
2026-02-26 18:23:47,2026-02-26,18:00,1,58,0,0,3,
2026-02-26 18:23:52,2026-02-26,18:00,1,54,0,0,3,
2026-02-26 18:23:58,2026-02-26,18:00,1,40,0,0,3,
2026-02-26 18:24:03,2026-02-26,18:00,1,61,0,0,2,
2026-02-26 18:24:08,2026-02-26,18:00,1,64,0,0,1,
2026-02-26 18:24:13,2026-02-26,18:00,1,50,0,0,0,
2026-02-26 18:24:18,2026-02-26,18:00,1,56,0,0,0,
2026-02-26 18:24:23,2026-02-26,18:00,1,71,0,0,0,
2026-02-26 18:24:28,2026-02-26,18:00,1,50,0,0,0,
2026-02-26 18:24:33,2026-02-26,18:00,1,104,0,0,0,
2026-02-26 18:24:39,2026-02-26,18:00,1,65,0,0,0,
2026-02-26 18:24:44,2026-02-26,18:00,1,76,0,0,0,
2026-02-26 18:24:49,2026-02-26,18:00,1,123,0,0,0,
2026-02-26 18:24:54,2026-02-26,18:00,1,191,0,0,0,
2026-02-26 18:24:59,2026-02-26,18:00,1,38,0,0,0,
2026-02-26 18:25:04,2026-02-26,18:00,1,363,1,0,1,
2026-02-26 18:25:10,2026-02-26,18:00,1,312,1,0,2,
2026-02-26 18:25:15,2026-02-26,18:00,1,98,0,0,2,
2026-02-26 18:25:20,2026-02-26,18:00,1,193,0,0,2,
2026-02-26 18:25:26,2026-02-26,18:00,1,540,1,0,3,
2026-02-26 18:25:31,2026-02-26,18:00,1,197,0,0,3,
2026-02-26 18:25:36,2026-02-26,18:00,1,341,1,0,4,
2026-02-26 18:25:42,2026-02-26,18:00,1,163,0,0,4,
2026-02-26 18:25:47,2026-02-26,18:00,1,83,0,0,4,
2026-02-26 18:25:52,2026-02-26,18:00,1,63,0,0,4,
2026-02-26 18:25:57,2026-02-26,18:00,1,384,1,0,4,
2026-02-26 18:26:03,2026-02-26,18:00,1,170,0,0,3,
2026-02-26 18:26:08,2026-02-26,18:00,1,399,1,0,4,
2026-02-26 18:26:14,2026-02-26,18:00,1,267,0,0,4,
2026-02-26 18:26:19,2026-02-26,18:00,1,379,1,0,4,
2026-02-26 18:26:24,2026-02-26,18:00,1,84,0,0,4,
2026-02-26 18:26:29,2026-02-26,18:00,1,98,0,0,3,
2026-02-26 18:26:35,2026-02-26,18:00,1,40,0,0,3,
2026-02-26 18:26:40,2026-02-26,18:00,1,410,1,0,4,
2026-02-26 18:26:45,2026-02-26,18:00,0,,1,1,5,
2026-02-26 18:26:53,2026-02-26,18:00,0,,1,2,5,
2026-02-26 18:27:01,2026-02-26,18:00,0,,1,3,6,
2026-02-26 18:27:09,2026-02-26,18:00,1,2769,1,0,6,
2026-02-26 18:27:17,2026-02-26,18:00,1,100,0,0,6,
2026-02-26 18:27:22,2026-02-26,18:00,1,64,0,0,5,
2026-02-26 18:27:27,2026-02-26,18:00,1,506,1,0,6,
2026-02-26 18:27:32,2026-02-26,18:00,1,117,0,0,6,
2026-02-26 18:27:38,2026-02-26,18:00,1,379,1,0,7,latency
2026-02-26 18:27:53,2026-02-26,18:00,1,121,0,0,,
2026-02-26 18:27:59,2026-02-26,18:00,1,564,1,0,,
2026-02-26 18:28:04,2026-02-26,18:00,1,352,1,0,,
2026-02-26 18:28:10,2026-02-26,18:00,1,214,0,0,,
2026-02-26 18:28:15,2026-02-26,18:00,1,228,0,0,,
2026-02-26 18:28:20,2026-02-26,18:00,1,203,0,0,,
2026-02-26 18:28:26,2026-02-26,18:00,1,278,0,0,,
2026-02-26 18:28:31,2026-02-26,18:00,1,102,0,0,,
2026-02-26 18:28:36,2026-02-26,18:00,1,1856,1,0,,
2026-02-26 18:28:43,2026-02-26,18:00,1,275,0,0,3,
2026-02-26 18:28:48,2026-02-26,18:00,1,156,0,0,3,
2026-02-26 18:28:53,2026-02-26,18:00,1,257,0,0,2,
2026-02-26 18:28:59,2026-02-26,18:00,1,117,0,0,1,
2026-02-26 18:29:04,2026-02-26,18:00,1,127,0,0,1,
2026-02-26 18:29:09,2026-02-26,18:00,1,104,0,0,1,
2026-02-26 18:29:15,2026-02-26,18:00,1,153,0,0,1,
2026-02-26 18:29:20,2026-02-26,18:00,1,105,0,0,1,
2026-02-26 18:29:25,2026-02-26,18:00,1,106,0,0,1,
2026-02-26 18:29:30,2026-02-26,18:00,1,107,0,0,0,
2026-02-26 18:29:35,2026-02-26,18:00,1,116,0,0,0,
2026-02-26 18:29:41,2026-02-26,18:00,1,110,0,0,0,
2026-02-26 18:29:46,2026-02-26,18:00,1,58,0,0,0,
2026-02-26 18:29:51,2026-02-26,18:00,1,70,0,0,0,
2026-02-26 18:29:56,2026-02-26,18:00,1,91,0,0,0,
2026-02-26 18:30:01,2026-02-26,18:00,1,77,0,0,0,
2026-02-26 18:30:06,2026-02-26,18:00,1,519,1,0,1,
2026-02-26 18:30:12,2026-02-26,18:00,1,829,1,0,2,
2026-02-26 18:30:18,2026-02-26,18:00,1,311,1,0,3,
2026-02-26 18:30:23,2026-02-26,18:00,1,80,0,0,3,
2026-02-26 18:30:28,2026-02-26,18:00,1,68,0,0,3,
2026-02-26 18:30:33,2026-02-26,18:00,1,82,0,0,3,
2026-02-26 18:30:38,2026-02-26,18:00,1,60,0,0,3,
2026-02-26 18:30:44,2026-02-26,18:00,1,979,1,0,4,
2026-02-26 18:30:50,2026-02-26,18:00,1,122,0,0,4,
2026-02-26 18:30:55,2026-02-26,18:00,1,219,0,0,4,
2026-02-26 18:31:00,2026-02-26,18:00,1,110,0,0,3,
2026-02-26 18:31:05,2026-02-26,18:00,1,117,0,0,2,
2026-02-26 18:31:10,2026-02-26,18:00,1,75,0,0,1,
2026-02-26 18:31:16,2026-02-26,18:00,1,100,0,0,1,
2026-02-26 18:31:21,2026-02-26,18:00,1,129,0,0,1,
2026-02-26 18:31:26,2026-02-26,18:00,1,145,0,0,1,
2026-02-26 18:31:31,2026-02-26,18:00,1,115,0,0,1,
2026-02-26 18:31:36,2026-02-26,18:00,1,154,0,0,0,
2026-02-26 18:31:41,2026-02-26,18:00,1,189,0,0,0,
2026-02-26 18:31:47,2026-02-26,18:00,1,178,0,0,0,
2026-02-26 18:31:52,2026-02-26,18:00,1,154,0,0,0,
2026-02-26 18:31:57,2026-02-26,18:00,1,136,0,0,0,
2026-02-26 18:32:02,2026-02-26,18:00,1,148,0,0,0,
2026-02-26 18:32:07,2026-02-26,18:00,1,261,0,0,0,
2026-02-26 18:32:13,2026-02-26,18:00,1,101,0,0,0,
2026-02-26 18:32:18,2026-02-26,18:00,1,93,0,0,0,
2026-02-26 18:32:23,2026-02-26,18:00,1,219,0,0,0,
2026-02-26 18:32:28,2026-02-26,18:00,1,74,0,0,0,
2026-02-26 18:32:33,2026-02-26,18:00,1,79,0,0,0,
2026-02-26 18:32:39,2026-02-26,18:00,1,132,0,0,0,
2026-02-26 18:32:44,2026-02-26,18:00,1,109,0,0,0,
2026-02-26 18:32:49,2026-02-26,18:00,1,140,0,0,0,
2026-02-26 18:32:54,2026-02-26,18:00,1,1437,1,0,1,
2026-02-26 18:33:01,2026-02-26,18:00,1,91,0,0,1,
2026-02-26 18:33:06,2026-02-26,18:00,1,226,0,0,1,
2026-02-26 18:33:11,2026-02-26,18:00,1,301,1,0,2,
2026-02-26 18:33:16,2026-02-26,18:00,1,118,0,0,2,
2026-02-26 18:33:21,2026-02-26,18:00,1,87,0,0,2,
2026-02-26 18:33:27,2026-02-26,18:00,1,64,0,0,2,
2026-02-26 18:33:32,2026-02-26,18:00,1,185,0,0,2,
2026-02-26 18:33:37,2026-02-26,18:00,1,85,0,0,2,
2026-02-26 18:33:42,2026-02-26,18:00,1,179,0,0,2,
2026-02-26 18:33:47,2026-02-26,18:00,1,145,0,0,1,
2026-02-26 18:33:53,2026-02-26,18:00,1,189,0,0,1,
2026-02-26 18:33:58,2026-02-26,18:00,1,96,0,0,1,
2026-02-26 18:34:03,2026-02-26,18:00,1,102,0,0,0,
2026-02-26 18:34:08,2026-02-26,18:00,1,98,0,0,0,
2026-02-26 18:34:13,2026-02-26,18:00,1,97,0,0,0,
2026-02-26 18:34:18,2026-02-26,18:00,1,138,0,0,0,
2026-02-26 18:34:24,2026-02-26,18:00,1,147,0,0,0,
2026-02-26 18:34:29,2026-02-26,18:00,1,56,0,0,0,
2026-02-26 18:34:34,2026-02-26,18:00,1,219,0,0,0,
2026-02-26 18:34:39,2026-02-26,18:00,1,62,0,0,0,
2026-02-26 18:34:44,2026-02-26,18:00,0,,1,1,1,
2026-02-26 18:34:52,2026-02-26,18:00,1,273,0,0,1,
2026-02-26 18:34:58,2026-02-26,18:00,1,1733,1,0,2,
2026-02-26 18:35:04,2026-02-26,18:00,1,645,1,0,3,
2026-02-26 18:35:10,2026-02-26,18:00,1,900,1,0,4,
2026-02-26 18:35:16,2026-02-26,18:00,1,1126,1,0,5,
2026-02-26 18:35:22,2026-02-26,18:00,1,1144,1,0,6,
2026-02-26 18:35:29,2026-02-26,18:00,0,,1,0,7,latency
2026-02-26 18:35:46,2026-02-26,18:00,0,,1,1,,
2026-02-26 18:35:54,2026-02-26,18:00,0,,1,2,,
2026-02-26 18:36:02,2026-02-26,18:00,0,,1,3,,
2026-02-26 18:39:40,2026-02-26,18:00,1,45,0,0,,
2026-02-26 18:39:45,2026-02-26,18:00,1,152,0,0,,
2026-02-26 18:39:50,2026-02-26,18:00,1,194,0,0,,
2026-02-26 18:39:56,2026-02-26,18:00,1,79,0,0,,
2026-02-26 18:40:01,2026-02-26,18:00,1,58,0,0,,
2026-02-26 18:40:06,2026-02-26,18:00,1,90,0,0,,
2026-02-26 18:40:11,2026-02-26,18:00,1,78,0,0,,
2026-02-26 18:40:16,2026-02-26,18:00,1,77,0,0,,
2026-02-26 18:40:21,2026-02-26,18:00,1,78,0,0,,
2026-02-26 18:40:26,2026-02-26,18:00,1,111,0,0,0,
2026-02-26 18:40:32,2026-02-26,18:00,1,54,0,0,0,
2026-02-26 18:40:37,2026-02-26,18:00,1,79,0,0,0,
2026-02-26 18:40:42,2026-02-26,18:00,1,85,0,0,0,
2026-02-26 18:40:47,2026-02-26,18:00,1,63,0,0,0,
2026-02-26 18:40:52,2026-02-26,18:00,1,103,0,0,0,
2026-02-26 18:40:57,2026-02-26,18:00,1,109,0,0,0,
2026-02-26 18:41:02,2026-02-26,18:00,1,255,0,0,0,
2026-02-26 18:41:08,2026-02-26,18:00,1,63,0,0,0,
2026-02-26 18:41:13,2026-02-26,18:00,1,47,0,0,0,
2026-02-26 18:41:18,2026-02-26,18:00,1,122,0,0,0,
2026-02-26 18:41:23,2026-02-26,18:00,1,74,0,0,0,
2026-02-26 18:41:28,2026-02-26,18:00,1,127,0,0,0,
2026-02-26 18:41:33,2026-02-26,18:00,1,135,0,0,0,
2026-02-26 18:41:38,2026-02-26,18:00,1,74,0,0,0,
2026-02-26 18:41:44,2026-02-26,18:00,1,96,0,0,0,
2026-02-26 18:41:49,2026-02-26,18:00,1,98,0,0,0,
2026-02-26 18:41:54,2026-02-26,18:00,1,68,0,0,0,
2026-02-26 18:41:59,2026-02-26,18:00,1,86,0,0,0,
2026-02-26 18:42:04,2026-02-26,18:00,1,86,0,0,0,
2026-02-26 18:42:09,2026-02-26,18:00,1,71,0,0,0,
2026-02-26 18:42:14,2026-02-26,18:00,1,84,0,0,0,
2026-02-26 18:42:19,2026-02-26,18:00,1,168,0,0,0,
2026-02-26 18:42:25,2026-02-26,18:00,1,73,0,0,0,
2026-02-26 18:42:30,2026-02-26,18:00,1,62,0,0,0,
2026-02-26 18:42:35,2026-02-26,18:00,1,81,0,0,0,
2026-02-26 18:42:40,2026-02-26,18:00,1,89,0,0,0,
2026-02-26 18:42:45,2026-02-26,18:00,1,87,0,0,0,
2026-02-26 18:42:50,2026-02-26,18:00,1,44,0,0,0,
2026-02-26 18:42:55,2026-02-26,18:00,1,106,0,0,0,
2026-02-26 18:43:00,2026-02-26,18:00,1,101,0,0,0,
2026-02-26 18:43:06,2026-02-26,18:00,1,51,0,0,0,
2026-02-26 18:43:11,2026-02-26,18:00,1,98,0,0,0,
2026-02-26 18:43:16,2026-02-26,18:00,1,47,0,0,0,
2026-02-26 18:43:21,2026-02-26,18:00,1,64,0,0,0,
2026-02-26 18:43:26,2026-02-26,18:00,1,90,0,0,0,
2026-02-26 18:43:31,2026-02-26,18:00,1,79,0,0,0,
2026-02-26 18:43:36,2026-02-26,18:00,1,51,0,0,0,
2026-02-26 18:43:41,2026-02-26,18:00,1,93,0,0,0,
2026-02-26 18:43:46,2026-02-26,18:00,1,49,0,0,0,
2026-02-26 18:43:52,2026-02-26,18:00,1,49,0,0,0,
2026-02-26 18:43:57,2026-02-26,18:00,1,67,0,0,0,
2026-02-26 18:44:02,2026-02-26,18:00,0,,1,1,1,
2026-02-26 18:44:10,2026-02-26,18:00,0,,1,2,2,
2026-02-26 18:44:18,2026-02-26,18:00,0,,1,3,3,
2026-02-26 18:44:26,2026-02-26,18:00,0,,1,0,,failures
2026-02-26 18:44:41,2026-02-26,18:00,0,,1,1,,
2026-02-26 18:44:49,2026-02-26,18:00,0,,1,2,,
2026-02-26 18:44:57,2026-02-26,18:00,0,,1,3,,
2026-02-26 18:45:05,2026-02-26,18:00,0,,1,0,,failures
2026-02-26 18:45:21,2026-02-26,18:00,0,,1,1,,
2026-02-26 18:45:28,2026-02-26,18:00,0,,1,2,,
2026-02-26 18:45:36,2026-02-26,18:00,0,,1,3,,
2026-02-26 18:45:44,2026-02-26,18:00,0,,1,0,,failures
2026-02-26 18:46:01,2026-02-26,18:00,0,,1,1,,
2026-02-26 18:46:11,2026-02-26,18:00,0,,1,2,,
2026-02-26 18:46:17,2026-02-26,18:00,0,,1,3,,
2026-02-26 18:46:27,2026-02-26,18:00,0,,1,0,,failures
2026-02-26 18:46:39,2026-02-26,18:00,0,,1,1,,
2026-02-26 18:46:49,2026-02-26,18:00,1,76,0,0,,
2026-02-26 18:46:54,2026-02-26,18:00,1,107,0,0,,
2026-02-26 18:47:00,2026-02-26,18:00,1,83,0,0,,
2026-02-26 18:47:05,2026-02-26,18:00,1,88,0,0,,
2026-02-27 08:22:09,2026-02-27,08:00,0,,1,1,,
2026-02-27 08:22:14,2026-02-27,08:00,0,,1,2,,
2026-02-27 08:22:19,2026-02-27,08:00,0,,1,3,,
2026-02-27 08:22:24,2026-02-27,08:00,1,229,0,0,,
2026-02-27 08:22:30,2026-02-27,08:00,1,1059,1,0,5,
2026-02-27 08:22:37,2026-02-27,08:00,1,120,0,0,4,
2026-02-27 08:22:42,2026-02-27,08:00,1,39,0,0,4,
2026-02-27 08:22:47,2026-02-27,08:00,1,438,1,0,5,
2026-02-27 08:22:52,2026-02-27,08:00,1,48,0,0,5,
2026-02-27 08:22:57,2026-02-27,08:00,1,307,1,0,6,
2026-02-27 08:23:03,2026-02-27,08:00,1,1203,1,0,6,
2026-02-27 08:23:09,2026-02-27,08:00,1,700,1,0,6,
2026-02-27 08:23:13,2026-02-27,08:00,1,228,0,0,5,
2026-02-27 08:23:18,2026-02-27,08:00,1,560,1,0,6,
2026-02-27 08:23:23,2026-02-27,08:00,1,273,0,0,5,
2026-02-27 08:23:29,2026-02-27,08:00,1,37,0,0,5,
2026-02-27 08:23:34,2026-02-27,08:00,0,,1,1,6,
2026-02-27 08:23:42,2026-02-27,08:00,1,114,0,0,5,
2026-02-27 08:23:47,2026-02-27,08:00,1,64,0,0,5,
2026-02-27 08:23:52,2026-02-27,08:00,1,44,0,0,4,
2026-02-27 08:23:57,2026-02-27,08:00,1,28,0,0,3,
2026-02-27 08:24:02,2026-02-27,08:00,1,35,0,0,2,
2026-02-27 08:24:07,2026-02-27,08:00,1,47,0,0,2,
2026-02-27 08:24:13,2026-02-27,08:00,1,104,0,0,1,
2026-02-27 08:24:18,2026-02-27,08:00,1,37,0,0,1,
2026-02-27 08:24:23,2026-02-27,08:00,1,56,0,0,1,
2026-02-27 08:24:28,2026-02-27,08:00,1,99,0,0,0,
2026-02-27 08:24:33,2026-02-27,08:00,1,34,0,0,0,
2026-02-27 08:24:38,2026-02-27,08:00,1,139,0,0,0,
2026-02-27 08:24:43,2026-02-27,08:00,1,40,0,0,0,
2026-02-27 08:24:48,2026-02-27,08:00,1,48,0,0,0,
2026-02-27 08:24:53,2026-02-27,08:00,1,30,0,0,0,
2026-02-27 08:24:58,2026-02-27,08:00,1,25,0,0,0,
2026-02-27 08:25:03,2026-02-27,08:00,1,36,0,0,0,
2026-02-27 08:25:09,2026-02-27,08:00,1,26,0,0,0,
2026-02-27 08:25:14,2026-02-27,08:00,1,38,0,0,0,
2026-02-27 08:25:19,2026-02-27,08:00,1,37,0,0,0,
2026-02-27 08:25:24,2026-02-27,08:00,1,442,1,0,1,
2026-02-27 08:25:29,2026-02-27,08:00,0,,1,1,2,
2026-02-27 08:25:37,2026-02-27,08:00,1,1096,1,0,3,
2026-02-27 08:25:44,2026-02-27,08:00,1,1251,1,0,4,
2026-02-27 08:25:52,2026-02-27,08:00,0,,1,1,5,
2026-02-27 08:25:59,2026-02-27,08:00,0,,1,2,6,
2026-02-27 08:26:07,2026-02-27,08:00,0,,1,0,7,latency
2026-02-27 08:26:31,2026-02-27,08:00,1,55,0,0,,
2026-02-27 08:26:36,2026-02-27,08:00,1,158,0,0,,
2026-02-27 08:26:42,2026-02-27,08:00,1,135,0,0,,
2026-02-27 08:26:47,2026-02-27,08:00,1,801,1,0,,
2026-02-27 08:26:53,2026-02-27,08:00,1,42,0,0,,
2026-02-27 08:26:58,2026-02-27,08:00,0,,1,1,,
2026-02-27 08:27:05,2026-02-27,08:00,1,27,0,0,,
2026-02-27 08:27:10,2026-02-27,08:00,1,42,0,0,,
2026-02-27 08:27:15,2026-02-27,08:00,1,29,0,0,,
2026-02-27 08:27:21,2026-02-27,08:00,1,23,0,0,2,
2026-02-27 08:27:26,2026-02-27,08:00,1,26,0,0,2,
2026-02-27 08:27:31,2026-02-27,08:00,1,26,0,0,2,
2026-02-27 08:27:36,2026-02-27,08:00,1,32,0,0,2,
2026-02-27 08:27:41,2026-02-27,08:00,1,26,0,0,1,
2026-02-27 08:27:46,2026-02-27,08:00,1,28,0,0,1,
2026-02-27 08:27:51,2026-02-27,08:00,1,30,0,0,0,
2026-02-27 08:27:56,2026-02-27,08:00,1,46,0,0,0,
2026-02-27 08:28:01,2026-02-27,08:00,1,40,0,0,0,
2026-02-27 08:28:06,2026-02-27,08:00,0,,1,1,1,
2026-02-27 08:28:14,2026-02-27,08:00,0,,1,2,2,
2026-02-27 08:28:22,2026-02-27,08:00,0,,1,3,3,
2026-02-27 08:28:30,2026-02-27,08:00,1,27,0,0,3,
2026-02-27 08:28:35,2026-02-27,08:00,1,57,0,0,3,
2026-02-27 08:28:40,2026-02-27,08:00,1,60,0,0,3,
2026-02-27 08:28:45,2026-02-27,08:00,1,26,0,0,3,
2026-02-27 08:28:50,2026-02-27,08:00,1,35,0,0,3,
2026-02-27 08:28:55,2026-02-27,08:00,1,26,0,0,3,
2026-02-27 08:29:00,2026-02-27,08:00,1,423,1,0,4,
2026-02-27 08:29:06,2026-02-27,08:00,1,208,0,0,3,
2026-02-27 08:29:11,2026-02-27,08:00,1,35,0,0,2,
2026-02-27 08:29:16,2026-02-27,08:00,1,21,0,0,1,
2026-02-27 08:29:21,2026-02-27,08:00,1,26,0,0,1,
2026-02-27 08:29:26,2026-02-27,08:00,1,39,0,0,1,
2026-02-27 08:29:31,2026-02-27,08:00,1,24,0,0,1,
2026-02-27 08:29:36,2026-02-27,08:00,1,422,1,0,2,
2026-02-27 08:29:42,2026-02-27,08:00,1,35,0,0,2,
2026-02-27 08:29:47,2026-02-27,08:00,1,30,0,0,2,
2026-02-27 08:29:52,2026-02-27,08:00,1,26,0,0,1,
2026-02-27 08:29:57,2026-02-27,08:00,1,33,0,0,1,
2026-02-27 08:30:02,2026-02-27,08:00,1,29,0,0,1,
2026-02-27 08:30:07,2026-02-27,08:00,1,28,0,0,1,
2026-02-27 08:30:12,2026-02-27,08:00,1,23,0,0,1,
2026-02-27 08:30:17,2026-02-27,08:00,1,34,0,0,1,
2026-02-27 08:30:22,2026-02-27,08:00,1,26,0,0,1,
2026-02-27 08:30:28,2026-02-27,08:00,1,32,0,0,0,
2026-02-27 08:30:33,2026-02-27,08:00,1,1543,1,0,1,
2026-02-27 08:30:39,2026-02-27,08:00,1,33,0,0,1,
2026-02-27 08:30:44,2026-02-27,08:00,1,27,0,0,1,
2026-02-27 08:30:49,2026-02-27,08:00,1,268,0,0,1,
2026-02-27 08:30:55,2026-02-27,08:00,1,96,0,0,1,
2026-02-27 08:31:00,2026-02-27,08:00,1,30,0,0,1,
2026-02-27 08:31:05,2026-02-27,08:00,1,51,0,0,1,
2026-02-27 08:31:10,2026-02-27,08:00,1,28,0,0,1,
2026-02-27 08:31:15,2026-02-27,08:00,1,45,0,0,1,
2026-02-27 08:31:20,2026-02-27,08:00,1,268,0,0,1,
2026-02-27 08:31:25,2026-02-27,08:00,1,51,0,0,0,
2026-02-27 08:31:30,2026-02-27,08:00,1,317,1,0,1,
2026-02-27 08:31:36,2026-02-27,08:00,1,22,0,0,1,
2026-02-27 08:31:41,2026-02-27,08:00,1,88,0,0,1,
2026-02-27 08:31:46,2026-02-27,08:00,1,27,0,0,1,
2026-02-27 08:31:51,2026-02-27,08:00,1,25,0,0,1,
2026-02-27 08:31:56,2026-02-27,08:00,1,27,0,0,1,
2026-02-27 08:32:01,2026-02-27,08:00,1,26,0,0,1,
2026-02-27 08:32:06,2026-02-27,08:00,1,33,0,0,1,
2026-02-27 08:32:11,2026-02-27,08:00,1,29,0,0,1,
2026-02-27 08:32:16,2026-02-27,08:00,1,30,0,0,1,
2026-02-27 08:32:22,2026-02-27,08:00,1,31,0,0,0,
2026-02-27 08:32:27,2026-02-27,08:00,1,27,0,0,0,
2026-02-27 08:32:32,2026-02-27,08:00,1,62,0,0,0,
2026-02-27 08:32:37,2026-02-27,08:00,1,424,1,0,1,
2026-02-27 08:32:42,2026-02-27,08:00,1,27,0,0,1,
2026-02-27 08:32:47,2026-02-27,08:00,1,31,0,0,1,
2026-02-27 08:32:52,2026-02-27,08:00,1,146,0,0,1,
2026-02-27 08:32:58,2026-02-27,08:00,1,30,0,0,1,
2026-02-27 08:33:03,2026-02-27,08:00,1,29,0,0,1,
2026-02-27 08:33:08,2026-02-27,08:00,1,23,0,0,1,
2026-02-27 08:33:13,2026-02-27,08:00,1,40,0,0,1,
2026-02-27 08:33:18,2026-02-27,08:00,1,405,1,0,2,
2026-02-27 08:33:23,2026-02-27,08:00,1,30,0,0,2,
2026-02-27 08:33:28,2026-02-27,08:00,1,24,0,0,1,
2026-02-27 08:33:33,2026-02-27,08:00,1,33,0,0,1,
2026-02-27 08:33:38,2026-02-27,08:00,1,25,0,0,1,
2026-02-27 08:33:44,2026-02-27,08:00,1,20,0,0,1,
2026-02-27 08:33:49,2026-02-27,08:00,1,20,0,0,1,
2026-02-27 08:33:54,2026-02-27,08:00,1,24,0,0,1,
2026-02-27 08:33:59,2026-02-27,08:00,1,81,0,0,1,
2026-02-27 08:34:04,2026-02-27,08:00,1,24,0,0,1,
2026-02-27 08:34:09,2026-02-27,08:00,1,38,0,0,0,
2026-02-27 08:34:14,2026-02-27,08:00,1,27,0,0,0,
2026-02-27 08:34:19,2026-02-27,08:00,1,56,0,0,0,
2026-02-27 08:34:24,2026-02-27,08:00,1,29,0,0,0,
2026-02-27 08:34:29,2026-02-27,08:00,1,48,0,0,0,
2026-02-27 08:34:34,2026-02-27,08:00,1,27,0,0,0,
2026-02-27 08:34:39,2026-02-27,08:00,1,21,0,0,0,
2026-02-27 08:34:44,2026-02-27,08:00,1,30,0,0,0,
2026-02-27 08:34:49,2026-02-27,08:00,1,36,0,0,0,
2026-02-27 08:34:55,2026-02-27,08:00,1,27,0,0,0,
2026-02-27 08:35:00,2026-02-27,08:00,1,61,0,0,0,
2026-02-27 08:35:05,2026-02-27,08:00,1,19,0,0,0,
2026-02-27 08:35:10,2026-02-27,08:00,1,26,0,0,0,
2026-02-27 08:35:15,2026-02-27,08:00,1,23,0,0,0,
2026-02-27 08:35:20,2026-02-27,08:00,1,29,0,0,0,
2026-02-27 08:35:25,2026-02-27,08:00,1,42,0,0,0,
2026-02-27 08:35:30,2026-02-27,08:00,1,25,0,0,0,
2026-02-27 08:35:35,2026-02-27,08:00,0,,1,1,1,
2026-02-27 08:35:43,2026-02-27,08:00,1,28,0,0,1,
2026-02-27 08:35:48,2026-02-27,08:00,1,403,1,0,2,
2026-02-27 08:35:53,2026-02-27,08:00,1,59,0,0,2,
2026-02-27 08:35:58,2026-02-27,08:00,1,27,0,0,2,
2026-02-27 08:36:04,2026-02-27,08:00,1,43,0,0,2,
2026-02-27 08:36:09,2026-02-27,08:00,1,47,0,0,2,
2026-02-27 08:36:14,2026-02-27,08:00,1,30,0,0,2,
2026-02-27 08:36:19,2026-02-27,08:00,1,272,0,0,2,
2026-02-27 08:36:24,2026-02-27,08:00,0,,1,1,3,
2026-02-27 08:36:32,2026-02-27,08:00,1,25,0,0,2,
2026-02-27 08:36:37,2026-02-27,08:00,1,339,1,0,3,
2026-02-27 08:36:42,2026-02-27,08:00,0,,1,1,3,
2026-02-27 08:36:50,2026-02-27,08:00,0,,1,2,4,
2026-02-27 08:36:58,2026-02-27,08:00,0,,1,3,5,
2026-02-27 08:37:08,2026-02-27,08:00,1,474,1,0,6,
2026-02-27 08:37:16,2026-02-27,08:00,0,,1,0,7,latency
2026-02-27 08:37:32,2026-02-27,08:00,0,,1,1,,
2026-02-27 08:37:37,2026-02-27,08:00,0,,1,2,,
2026-02-27 08:37:44,2026-02-27,08:00,0,,1,3,,
2026-02-27 08:37:49,2026-02-27,08:00,0,,1,0,,failures
2026-02-27 08:38:06,2026-02-27,08:00,0,,1,1,,
2026-02-27 08:38:14,2026-02-27,08:00,0,,1,2,,
2026-02-27 08:38:19,2026-02-27,08:00,0,,1,3,,
2026-02-27 08:38:24,2026-02-27,08:00,0,,1,0,,failures
2026-02-27 08:38:42,2026-02-27,08:00,0,,1,1,,
2026-02-27 08:38:51,2026-02-27,08:00,1,1929,1,0,,
2026-02-27 08:38:59,2026-02-27,08:00,0,,1,1,,
2026-02-27 08:39:06,2026-02-27,08:00,0,,1,2,,
2026-02-27 08:39:14,2026-02-27,08:00,0,,1,3,,
2026-02-27 08:39:22,2026-02-27,08:00,0,,1,0,,failures
2026-02-27 08:39:41,2026-02-27,08:00,1,311,1,0,,
2026-02-27 08:39:47,2026-02-27,08:00,1,37,0,0,,
2026-02-27 08:39:52,2026-02-27,08:00,0,,1,1,,
2026-02-27 08:39:59,2026-02-27,08:00,1,44,0,0,,
2026-02-27 08:40:04,2026-02-27,08:00,1,27,0,0,,
2026-02-27 08:40:09,2026-02-27,08:00,1,24,0,0,,
2026-02-27 08:40:15,2026-02-27,08:00,1,72,0,0,,
2026-02-27 08:40:20,2026-02-27,08:00,1,68,0,0,,
2026-02-27 08:40:25,2026-02-27,08:00,1,23,0,0,,
2026-02-27 08:40:30,2026-02-27,08:00,1,29,0,0,2,
2026-02-27 08:40:35,2026-02-27,08:00,1,26,0,0,1,
2026-02-27 08:40:40,2026-02-27,08:00,1,78,0,0,1,
2026-02-27 08:40:45,2026-02-27,08:00,1,408,1,0,1,
2026-02-27 08:40:51,2026-02-27,08:00,1,303,1,0,2,
2026-02-27 08:40:56,2026-02-27,08:00,0,,1,1,3,
2026-02-27 08:41:06,2026-02-27,08:00,0,,1,2,4,
2026-02-27 08:41:16,2026-02-27,08:00,0,,1,3,5,
2026-02-27 08:41:21,2026-02-27,08:00,1,1994,1,0,6,
2026-02-27 08:41:30,2026-02-27,08:00,1,33,0,0,6,
2026-02-27 08:41:36,2026-02-27,08:00,1,83,0,0,6,
2026-02-27 08:41:41,2026-02-27,08:00,1,29,0,0,6,
2026-02-27 08:41:46,2026-02-27,08:00,1,70,0,0,6,
2026-02-27 08:41:51,2026-02-27,08:00,1,77,0,0,5,
2026-02-27 08:41:56,2026-02-27,08:00,1,52,0,0,4,
2026-02-27 08:42:01,2026-02-27,08:00,1,626,1,0,4,
2026-02-27 08:42:07,2026-02-27,08:00,1,21,0,0,3,
2026-02-27 08:42:12,2026-02-27,08:00,1,40,0,0,2,
2026-02-27 08:42:17,2026-02-27,08:00,1,162,0,0,1,
2026-02-27 08:42:22,2026-02-27,08:00,1,789,1,0,2,
2026-02-27 08:42:28,2026-02-27,08:00,1,29,0,0,2,
2026-02-27 08:42:33,2026-02-27,08:00,1,356,1,0,3,
2026-02-27 08:42:38,2026-02-27,08:00,1,30,0,0,3,
2026-02-27 08:42:43,2026-02-27,08:00,1,479,1,0,4,
2026-02-27 08:42:49,2026-02-27,08:00,0,,1,1,5,
2026-02-27 08:42:57,2026-02-27,08:00,0,,1,2,5,
2026-02-27 08:43:05,2026-02-27,08:00,0,,1,3,6,
2026-02-27 08:43:15,2026-02-27,08:00,0,,1,0,,failures
2026-02-27 08:43:36,2026-02-27,08:00,1,120,0,0,,
2026-02-27 08:43:41,2026-02-27,08:00,1,24,0,0,,
2026-02-27 08:43:46,2026-02-27,08:00,1,34,0,0,,
2026-02-27 08:43:51,2026-02-27,08:00,1,72,0,0,,
2026-02-27 08:43:56,2026-02-27,08:00,1,1123,1,0,,
2026-02-27 08:44:02,2026-02-27,08:00,1,51,0,0,,
2026-02-27 08:44:07,2026-02-27,08:00,1,63,0,0,,
2026-02-27 08:44:12,2026-02-27,08:00,1,86,0,0,,
2026-02-27 08:44:18,2026-02-27,08:00,1,76,0,0,,
2026-02-27 08:44:23,2026-02-27,08:00,1,32,0,0,1,
2026-02-27 08:44:28,2026-02-27,08:00,1,23,0,0,1,
2026-02-27 08:44:33,2026-02-27,08:00,1,61,0,0,1,
2026-02-27 08:44:38,2026-02-27,08:00,1,24,0,0,1,
2026-02-27 08:44:43,2026-02-27,08:00,1,30,0,0,1,
2026-02-27 08:44:48,2026-02-27,08:00,1,498,1,0,1,
2026-02-27 08:44:54,2026-02-27,08:00,1,865,1,0,2,
2026-02-27 08:45:00,2026-02-27,08:00,0,,1,1,3,
2026-02-27 08:45:08,2026-02-27,08:00,0,,1,2,4,
2026-02-27 08:45:18,2026-02-27,08:00,0,,1,3,5,
2026-02-27 08:45:23,2026-02-27,08:00,1,311,1,0,6,
2026-02-27 08:45:32,2026-02-27,08:00,1,45,0,0,6,
2026-02-27 08:45:37,2026-02-27,08:00,1,50,0,0,6,
2026-02-27 08:45:42,2026-02-27,08:00,1,49,0,0,6,
2026-02-27 08:45:47,2026-02-27,08:00,1,75,0,0,6,
2026-02-27 08:45:52,2026-02-27,08:00,0,,1,1,6,
2026-02-27 08:46:00,2026-02-27,08:00,1,75,0,0,5,
2026-02-27 08:46:05,2026-02-27,08:00,1,39,0,0,4,
2026-02-27 08:46:11,2026-02-27,08:00,1,62,0,0,3,
2026-02-27 08:46:16,2026-02-27,08:00,1,65,0,0,2,
2026-02-27 08:46:21,2026-02-27,08:00,1,183,0,0,1,
2026-02-27 08:46:26,2026-02-27,08:00,0,,1,1,2,
2026-02-27 08:46:34,2026-02-27,08:00,1,1555,1,0,3,
2026-02-27 08:46:40,2026-02-27,08:00,1,2638,1,0,4,
2026-02-27 08:46:48,2026-02-27,08:00,1,1637,1,0,5,
2026-02-27 08:46:55,2026-02-27,08:00,0,,1,1,5,
2026-02-27 08:47:03,2026-02-27,08:00,0,,1,2,6,
2026-02-27 08:47:11,2026-02-27,08:00,0,,1,0,7,latency
2026-02-27 08:47:22,2026-02-27,08:00,1,2715,1,0,,
2026-02-27 08:47:30,2026-02-27,08:00,1,697,1,0,,
2026-02-27 08:47:35,2026-02-27,08:00,0,,1,1,,
2026-02-27 08:47:43,2026-02-27,08:00,0,,1,2,,
2026-02-27 08:47:51,2026-02-27,08:00,0,,1,3,,
2026-02-27 08:47:59,2026-02-27,08:00,0,,1,0,,failures
2026-02-27 08:48:07,2026-02-27,08:00,1,1137,1,0,,
2026-02-27 08:48:16,2026-02-27,08:00,1,343,1,0,,
2026-02-27 08:48:22,2026-02-27,08:00,0,,1,1,,
2026-02-27 08:48:29,2026-02-27,08:00,0,,1,2,,
2026-02-27 08:48:39,2026-02-27,08:00,0,,1,3,,
2026-02-27 08:48:49,2026-02-27,08:00,0,,1,0,,failures
2026-02-27 08:49:05,2026-02-27,08:00,0,,1,1,,
2026-02-27 08:49:15,2026-02-27,08:00,0,,1,2,,
2026-02-27 08:49:23,2026-02-27,08:00,1,607,1,0,,
2026-02-27 08:49:28,2026-02-27,08:00,1,48,0,0,,
2026-02-27 08:49:34,2026-02-27,08:00,1,53,0,0,,
2026-02-27 08:49:39,2026-02-27,08:00,1,239,0,0,,
2026-02-27 08:49:44,2026-02-27,08:00,1,120,0,0,,
2026-02-27 08:49:49,2026-02-27,08:00,1,310,1,0,,
2026-02-27 08:49:54,2026-02-27,08:00,1,126,0,0,,
2026-02-27 08:50:00,2026-02-27,08:00,1,539,1,0,5,
2026-02-27 08:50:05,2026-02-27,08:00,1,26,0,0,4,
2026-02-27 08:50:10,2026-02-27,08:00,1,69,0,0,3,
2026-02-27 08:50:15,2026-02-27,08:00,1,34,0,0,2,
2026-02-27 08:50:21,2026-02-27,08:00,1,26,0,0,2,
2026-02-27 08:50:26,2026-02-27,08:00,1,58,0,0,2,
2026-02-27 08:50:31,2026-02-27,08:00,1,781,1,0,3,
2026-02-27 08:50:37,2026-02-27,08:00,0,,1,1,4,
2026-02-27 08:50:44,2026-02-27,08:00,0,,1,2,4,
2026-02-27 08:50:52,2026-02-27,08:00,0,,1,3,5,
2026-02-27 08:51:00,2026-02-27,08:00,0,,1,0,,failures
2026-02-27 08:51:16,2026-02-27,08:00,0,,1,1,,
2026-02-27 08:51:24,2026-02-27,08:00,0,,1,2,,
2026-02-27 08:51:32,2026-02-27,08:00,0,,1,3,,
2026-02-27 08:51:37,2026-02-27,08:00,0,,1,0,,failures
2026-02-27 08:51:50,2026-02-27,08:00,0,,1,1,,
2026-02-27 08:51:55,2026-02-27,08:00,0,,1,2,,
2026-02-27 08:52:00,2026-02-27,08:00,0,,1,3,,
2026-02-27 08:52:05,2026-02-27,08:00,1,2550,1,0,,
2026-02-27 08:52:14,2026-02-27,08:00,1,532,1,0,,
2026-02-27 08:52:19,2026-02-27,08:00,1,1224,1,0,,
2026-02-27 08:52:26,2026-02-27,08:00,1,1711,1,0,,
2026-02-27 08:52:32,2026-02-27,08:00,1,741,1,0,,
2026-02-27 08:52:38,2026-02-27,08:00,1,40,0,0,,
2026-02-27 08:52:43,2026-02-27,08:00,0,,1,0,9,latency
2026-02-27 08:53:04,2026-02-27,08:00,0,,1,1,,
2026-02-27 08:53:11,2026-02-27,08:00,0,,1,2,,
2026-02-27 08:53:19,2026-02-27,08:00,1,29,0,0,,
2026-02-27 08:53:24,2026-02-27,08:00,1,1070,1,0,,
2026-02-27 08:53:31,2026-02-27,08:00,1,545,1,0,,
2026-02-27 08:53:36,2026-02-27,08:00,0,,1,1,,
2026-02-27 08:53:44,2026-02-27,08:00,0,,1,2,,
2026-02-27 08:53:49,2026-02-27,08:00,1,1665,1,0,,
2026-02-27 08:53:59,2026-02-27,08:00,0,,1,1,,
2026-02-27 08:54:07,2026-02-27,08:00,0,,1,0,9,latency
2026-02-27 08:54:25,2026-02-27,08:00,0,,1,1,,
2026-02-27 08:54:33,2026-02-27,08:00,1,20,0,0,,
2026-02-27 08:54:38,2026-02-27,08:00,1,34,0,0,,
2026-02-27 08:54:43,2026-02-27,08:00,1,41,0,0,,
2026-02-27 08:54:48,2026-02-27,08:00,1,22,0,0,,
2026-02-27 08:54:53,2026-02-27,08:00,1,38,0,0,,
2026-02-27 08:54:58,2026-02-27,08:00,1,66,0,0,,
2026-02-27 08:55:03,2026-02-27,08:00,1,81,0,0,,
2026-02-27 08:55:08,2026-02-27,08:00,1,29,0,0,,
2026-02-27 08:55:14,2026-02-27,08:00,1,559,1,0,2,
2026-02-27 08:55:19,2026-02-27,08:00,1,154,0,0,1,
2026-02-27 08:55:24,2026-02-27,08:00,1,97,0,0,1,
2026-02-27 08:55:29,2026-02-27,08:00,1,143,0,0,1,
2026-02-27 08:55:35,2026-02-27,08:00,1,34,0,0,1,
2026-02-27 08:55:40,2026-02-27,08:00,1,227,0,0,1,
2026-02-27 08:55:45,2026-02-27,08:00,0,,1,1,2,
2026-02-27 08:55:53,2026-02-27,08:00,1,829,1,0,3,
2026-02-27 08:55:59,2026-02-27,08:00,0,,1,1,4,
2026-02-27 08:56:06,2026-02-27,08:00,1,29,0,0,4,
2026-02-27 08:56:11,2026-02-27,08:00,1,31,0,0,3,
2026-02-27 08:56:16,2026-02-27,08:00,1,25,0,0,3,
2026-02-27 08:56:22,2026-02-27,08:00,1,1309,1,0,4,
2026-02-27 08:56:28,2026-02-27,08:00,1,39,0,0,4,
2026-02-27 08:56:33,2026-02-27,08:00,1,1560,1,0,5,
2026-02-27 08:56:40,2026-02-27,08:00,1,30,0,0,5,
2026-02-27 08:56:45,2026-02-27,08:00,0,,1,1,5,
2026-02-27 08:56:52,2026-02-27,08:00,1,293,0,0,4,
2026-02-27 08:56:58,2026-02-27,08:00,1,98,0,0,3,
2026-02-27 08:57:05,2026-02-27,08:00,1,152,0,0,3,
2026-02-27 08:57:10,2026-02-27,08:00,0,,1,1,4,
2026-02-27 08:57:17,2026-02-27,08:00,1,66,0,0,4,
2026-02-27 08:57:22,2026-02-27,08:00,1,27,0,0,3,
2026-02-27 08:57:28,2026-02-27,08:00,1,1863,1,0,4,
2026-02-27 08:57:34,2026-02-27,08:00,1,115,0,0,3,
2026-02-27 08:57:40,2026-02-27,08:00,1,455,1,0,4,
2026-02-27 08:57:45,2026-02-27,08:00,1,591,1,0,4,
2026-02-27 08:57:51,2026-02-27,08:00,1,534,1,0,5,
2026-02-27 08:57:56,2026-02-27,08:00,1,559,1,0,6,
2026-02-27 08:58:02,2026-02-27,08:00,1,673,1,0,7,latency
2026-02-27 08:58:15,2026-02-27,08:00,1,22,0,0,,
2026-02-27 08:58:20,2026-02-27,08:00,1,40,0,0,,
2026-02-27 08:58:26,2026-02-27,08:00,1,203,0,0,,
2026-02-27 08:58:31,2026-02-27,08:00,1,32,0,0,,
2026-02-27 08:58:36,2026-02-27,08:00,1,28,0,0,,
2026-02-27 08:58:41,2026-02-27,08:00,1,60,0,0,,
2026-02-27 08:58:46,2026-02-27,08:00,1,78,0,0,,
2026-02-27 08:58:51,2026-02-27,08:00,1,25,0,0,,
2026-02-27 08:58:56,2026-02-27,08:00,1,30,0,0,,
2026-02-27 08:59:01,2026-02-27,08:00,1,21,0,0,0,
2026-02-27 08:59:06,2026-02-27,08:00,1,21,0,0,0,
2026-02-27 08:59:11,2026-02-27,08:00,1,27,0,0,0,
2026-02-27 08:59:16,2026-02-27,08:00,1,26,0,0,0,
2026-02-27 08:59:22,2026-02-27,08:00,1,21,0,0,0,
2026-02-27 08:59:27,2026-02-27,08:00,1,50,0,0,0,
2026-02-27 08:59:32,2026-02-27,08:00,1,32,0,0,0,
2026-02-27 08:59:37,2026-02-27,08:00,1,80,0,0,0,
2026-02-27 08:59:42,2026-02-27,08:00,1,26,0,0,0,
2026-02-27 08:59:47,2026-02-27,08:00,1,30,0,0,0,
2026-02-27 08:59:52,2026-02-27,08:00,1,37,0,0,0,
2026-02-27 08:59:57,2026-02-27,08:00,1,57,0,0,0,
2026-02-27 09:00:02,2026-02-27,09:00,1,26,0,0,0,
2026-02-27 09:00:07,2026-02-27,09:00,1,29,0,0,0,
2026-02-27 09:00:12,2026-02-27,09:00,1,62,0,0,0,
2026-02-27 09:00:17,2026-02-27,09:00,1,28,0,0,0,
2026-02-27 09:00:23,2026-02-27,09:00,1,27,0,0,0,
2026-02-27 09:00:28,2026-02-27,09:00,1,26,0,0,0,
2026-02-27 09:00:33,2026-02-27,09:00,1,25,0,0,0,
2026-02-27 09:00:38,2026-02-27,09:00,1,52,0,0,0,
2026-02-27 09:00:43,2026-02-27,09:00,1,22,0,0,0,
2026-02-27 09:00:48,2026-02-27,09:00,1,49,0,0,0,
2026-02-27 09:00:53,2026-02-27,09:00,1,24,0,0,0,
2026-02-27 09:00:58,2026-02-27,09:00,1,27,0,0,0,
2026-02-27 09:01:03,2026-02-27,09:00,1,74,0,0,0,
2026-02-27 09:01:08,2026-02-27,09:00,1,1821,1,0,1,
2026-02-27 09:01:15,2026-02-27,09:00,1,30,0,0,1,
2026-02-27 09:01:20,2026-02-27,09:00,1,34,0,0,1,
2026-02-27 09:01:25,2026-02-27,09:00,1,37,0,0,1,
2026-02-27 09:01:30,2026-02-27,09:00,1,28,0,0,1,
2026-02-27 09:01:35,2026-02-27,09:00,1,1493,1,0,2,
2026-02-27 09:01:42,2026-02-27,09:00,1,33,0,0,2,
2026-02-27 09:01:47,2026-02-27,09:00,1,878,1,0,3,
2026-02-27 09:01:53,2026-02-27,09:00,1,488,1,0,4,
2026-02-27 09:01:58,2026-02-27,09:00,1,1724,1,0,5,
2026-02-27 09:02:07,2026-02-27,09:00,1,209,0,0,4,
2026-02-27 09:02:13,2026-02-27,09:00,1,1944,1,0,5,
2026-02-27 09:02:19,2026-02-27,09:00,1,67,0,0,5,
2026-02-27 09:02:25,2026-02-27,09:00,1,49,0,0,5,
2026-02-27 09:02:30,2026-02-27,09:00,1,33,0,0,5,
2026-02-27 09:02:35,2026-02-27,09:00,1,120,0,0,4,
2026-02-27 09:02:40,2026-02-27,09:00,1,47,0,0,4,
2026-02-27 09:02:45,2026-02-27,09:00,1,1176,1,0,4,
2026-02-27 09:02:51,2026-02-27,09:00,1,70,0,0,3,
2026-02-27 09:02:56,2026-02-27,09:00,1,67,0,0,2,
2026-02-27 09:03:01,2026-02-27,09:00,0,,1,1,3,
2026-02-27 09:03:09,2026-02-27,09:00,1,755,1,0,3,
2026-02-27 09:03:15,2026-02-27,09:00,0,,1,1,4,
2026-02-27 09:03:23,2026-02-27,09:00,1,142,0,0,4,
2026-02-27 09:03:28,2026-02-27,09:00,1,27,0,0,4,
2026-02-27 09:03:33,2026-02-27,09:00,1,53,0,0,4,
2026-02-27 09:03:38,2026-02-27,09:00,1,31,0,0,4,
2026-02-27 09:03:43,2026-02-27,09:00,1,30,0,0,3,
2026-02-27 09:03:48,2026-02-27,09:00,1,551,1,0,4,
2026-02-27 09:03:54,2026-02-27,09:00,1,25,0,0,4,
2026-02-27 09:03:59,2026-02-27,09:00,1,39,0,0,3,
2026-02-27 09:04:04,2026-02-27,09:00,1,27,0,0,2,
2026-02-27 09:04:09,2026-02-27,09:00,1,29,0,0,1,
2026-02-27 09:04:14,2026-02-27,09:00,1,38,0,0,1,
2026-02-27 09:04:19,2026-02-27,09:00,1,19,0,0,1,
2026-02-27 09:04:24,2026-02-27,09:00,1,19,0,0,1,
2026-02-27 09:04:29,2026-02-27,09:00,1,18,0,0,1,
2026-02-27 09:04:34,2026-02-27,09:00,1,20,0,0,1,
2026-02-27 09:04:39,2026-02-27,09:00,1,23,0,0,0,
2026-02-27 09:04:45,2026-02-27,09:00,1,29,0,0,0,
2026-02-27 09:04:50,2026-02-27,09:00,1,29,0,0,0,
2026-02-27 09:04:55,2026-02-27,09:00,1,27,0,0,0,
2026-02-27 09:05:00,2026-02-27,09:00,1,298,0,0,0,
2026-02-27 09:05:05,2026-02-27,09:00,1,33,0,0,0,
2026-02-27 09:05:10,2026-02-27,09:00,1,33,0,0,0,
2026-02-27 09:05:15,2026-02-27,09:00,1,25,0,0,0,
2026-02-27 09:05:20,2026-02-27,09:00,1,57,0,0,0,
2026-02-27 09:05:25,2026-02-27,09:00,1,51,0,0,0,
2026-02-27 09:05:31,2026-02-27,09:00,1,50,0,0,0,
2026-02-27 09:05:36,2026-02-27,09:00,1,30,0,0,0,
2026-02-27 09:05:41,2026-02-27,09:00,1,288,0,0,0,
2026-02-27 09:05:46,2026-02-27,09:00,0,,1,1,1,
2026-02-27 09:05:54,2026-02-27,09:00,1,74,0,0,1,
2026-02-27 09:05:59,2026-02-27,09:00,0,,1,1,2,
2026-02-27 09:06:07,2026-02-27,09:00,0,,1,2,3,
2026-02-27 09:06:15,2026-02-27,09:00,1,818,1,0,4,
2026-02-27 09:06:21,2026-02-27,09:00,1,1853,1,0,5,
2026-02-27 09:06:28,2026-02-27,09:00,1,43,0,0,5,
2026-02-27 09:06:33,2026-02-27,09:00,1,1713,1,0,6,
2026-02-27 09:06:39,2026-02-27,09:00,1,30,0,0,6,
2026-02-27 09:06:45,2026-02-27,09:00,1,2631,1,0,7,latency
2026-02-27 09:07:05,2026-02-27,09:00,1,49,0,0,,
2026-02-27 09:07:10,2026-02-27,09:00,1,42,0,0,,
2026-02-27 09:07:15,2026-02-27,09:00,1,19,0,0,,
2026-02-27 09:07:20,2026-02-27,09:00,1,23,0,0,,
2026-02-27 09:07:25,2026-02-27,09:00,1,134,0,0,,
2026-02-27 09:07:30,2026-02-27,09:00,1,37,0,0,,
2026-02-27 09:07:36,2026-02-27,09:00,1,24,0,0,,
2026-02-27 09:07:41,2026-02-27,09:00,1,24,0,0,,
2026-02-27 09:07:46,2026-02-27,09:00,1,31,0,0,,
2026-02-27 09:07:51,2026-02-27,09:00,1,31,0,0,0,
2026-02-27 09:07:56,2026-02-27,09:00,1,56,0,0,0,
2026-02-27 09:08:01,2026-02-27,09:00,1,29,0,0,0,
2026-02-27 09:08:06,2026-02-27,09:00,1,35,0,0,0,
2026-02-27 09:08:11,2026-02-27,09:00,1,1136,1,0,1,
2026-02-27 09:08:17,2026-02-27,09:00,1,28,0,0,1,
2026-02-27 09:08:22,2026-02-27,09:00,1,25,0,0,1,
2026-02-27 09:08:27,2026-02-27,09:00,1,23,0,0,1,
2026-02-27 09:08:32,2026-02-27,09:00,1,22,0,0,1,
2026-02-27 09:08:37,2026-02-27,09:00,1,30,0,0,1,
2026-02-27 09:08:43,2026-02-27,09:00,1,27,0,0,1,
2026-02-27 09:08:48,2026-02-27,09:00,1,32,0,0,1,
2026-02-27 09:08:53,2026-02-27,09:00,1,315,1,0,2,
2026-02-27 09:08:58,2026-02-27,09:00,1,31,0,0,2,
2026-02-27 09:09:03,2026-02-27,09:00,1,42,0,0,1,
2026-02-27 09:09:08,2026-02-27,09:00,1,25,0,0,1,
2026-02-27 09:09:13,2026-02-27,09:00,1,27,0,0,1,
2026-02-27 09:09:18,2026-02-27,09:00,1,27,0,0,1,
2026-02-27 09:09:23,2026-02-27,09:00,1,29,0,0,1,
2026-02-27 09:09:28,2026-02-27,09:00,1,30,0,0,1,
2026-02-27 09:09:33,2026-02-27,09:00,1,29,0,0,1,
2026-02-27 09:09:39,2026-02-27,09:00,1,34,0,0,1,
2026-02-27 09:09:44,2026-02-27,09:00,1,22,0,0,0,
2026-02-27 09:09:49,2026-02-27,09:00,1,23,0,0,0,
2026-02-27 09:09:54,2026-02-27,09:00,1,34,0,0,0,
2026-02-27 09:09:59,2026-02-27,09:00,1,32,0,0,0,
2026-02-27 09:10:04,2026-02-27,09:00,1,57,0,0,0,
2026-02-27 09:10:09,2026-02-27,09:00,1,26,0,0,0,
2026-02-27 09:10:14,2026-02-27,09:00,1,28,0,0,0,
2026-02-27 09:10:19,2026-02-27,09:00,1,558,1,0,1,
2026-02-27 09:10:25,2026-02-27,09:00,1,39,0,0,1,
2026-02-27 09:10:30,2026-02-27,09:00,1,22,0,0,1,
2026-02-27 09:10:35,2026-02-27,09:00,1,28,0,0,1,
2026-02-27 09:10:40,2026-02-27,09:00,1,32,0,0,1,
2026-02-27 09:10:45,2026-02-27,09:00,1,26,0,0,1,
2026-02-27 09:10:50,2026-02-27,09:00,1,24,0,0,1,
2026-02-27 09:10:55,2026-02-27,09:00,1,50,0,0,1,
2026-02-27 09:11:00,2026-02-27,09:00,1,34,0,0,1,
2026-02-27 09:11:05,2026-02-27,09:00,1,29,0,0,1,
2026-02-27 09:11:10,2026-02-27,09:00,1,24,0,0,0,
2026-02-27 09:11:15,2026-02-27,09:00,1,24,0,0,0,
2026-02-27 09:11:21,2026-02-27,09:00,1,34,0,0,0,
2026-02-27 09:11:26,2026-02-27,09:00,1,23,0,0,0,
2026-02-27 09:11:31,2026-02-27,09:00,1,35,0,0,0,
2026-02-27 09:11:36,2026-02-27,09:00,1,38,0,0,0,
2026-02-27 09:11:41,2026-02-27,09:00,1,38,0,0,0,
2026-02-27 09:11:46,2026-02-27,09:00,1,23,0,0,0,
2026-02-27 09:11:51,2026-02-27,09:00,1,67,0,0,0,
2026-02-27 09:11:56,2026-02-27,09:00,1,45,0,0,0,
2026-02-27 09:12:01,2026-02-27,09:00,1,163,0,0,0,
2026-02-27 09:12:06,2026-02-27,09:00,1,158,0,0,0,
2026-02-27 09:12:12,2026-02-27,09:00,1,227,0,0,0,
2026-02-27 09:12:17,2026-02-27,09:00,1,309,1,0,1,
2026-02-27 09:12:22,2026-02-27,09:00,0,,1,1,2,
2026-02-27 09:12:30,2026-02-27,09:00,0,,1,2,3,
2026-02-27 09:12:38,2026-02-27,09:00,0,,1,3,4,
2026-02-27 09:12:46,2026-02-27,09:00,0,,1,0,,failures
2026-02-27 09:13:03,2026-02-27,09:00,1,124,0,0,,
2026-02-27 09:13:08,2026-02-27,09:00,1,114,0,0,,
2026-02-27 09:13:13,2026-02-27,09:00,1,122,0,0,,
2026-02-27 09:13:18,2026-02-27,09:00,1,139,0,0,,
2026-02-27 09:13:23,2026-02-27,09:00,1,120,0,0,,
2026-02-27 09:13:28,2026-02-27,09:00,1,1486,1,0,,
2026-02-27 09:13:35,2026-02-27,09:00,1,113,0,0,,
2026-02-27 09:13:40,2026-02-27,09:00,1,138,0,0,,
2026-02-27 09:13:45,2026-02-27,09:00,1,135,0,0,,
2026-02-27 09:13:51,2026-02-27,09:00,1,160,0,0,1,
2026-02-27 09:13:56,2026-02-27,09:00,1,130,0,0,1,
2026-02-27 09:14:01,2026-02-27,09:00,1,134,0,0,1,
2026-02-27 09:14:06,2026-02-27,09:00,1,128,0,0,1,
2026-02-27 09:14:11,2026-02-27,09:00,1,119,0,0,1,
2026-02-27 09:14:16,2026-02-27,09:00,1,118,0,0,1,
2026-02-27 09:14:22,2026-02-27,09:00,1,159,0,0,0,
2026-02-27 09:14:27,2026-02-27,09:00,1,118,0,0,0,
2026-02-27 09:14:32,2026-02-27,09:00,1,213,0,0,0,
2026-02-27 09:14:37,2026-02-27,09:00,1,156,0,0,0,
2026-02-27 09:14:42,2026-02-27,09:00,1,120,0,0,0,
2026-02-27 09:14:48,2026-02-27,09:00,1,118,0,0,0,
2026-02-27 09:14:53,2026-02-27,09:00,1,120,0,0,0,
2026-02-27 09:14:58,2026-02-27,09:00,1,164,0,0,0,
2026-02-27 09:15:03,2026-02-27,09:00,1,113,0,0,0,
2026-02-27 09:15:08,2026-02-27,09:00,1,115,0,0,0,
2026-02-27 09:15:13,2026-02-27,09:00,1,124,0,0,0,
2026-02-27 09:15:19,2026-02-27,09:00,1,116,0,0,0,
2026-02-27 09:15:24,2026-02-27,09:00,1,121,0,0,0,
2026-02-27 09:15:29,2026-02-27,09:00,1,121,0,0,0,
2026-02-27 09:15:34,2026-02-27,09:00,1,194,0,0,0,
2026-02-27 09:15:39,2026-02-27,09:00,1,139,0,0,0,
2026-02-27 09:15:45,2026-02-27,09:00,1,125,0,0,0,
2026-02-27 09:15:50,2026-02-27,09:00,1,139,0,0,0,
2026-02-27 09:15:55,2026-02-27,09:00,1,210,0,0,0,
2026-02-27 09:16:00,2026-02-27,09:00,1,219,0,0,0,
2026-02-27 09:16:06,2026-02-27,09:00,1,208,0,0,0,
2026-02-27 09:16:11,2026-02-27,09:00,1,208,0,0,0,
2026-02-27 09:16:16,2026-02-27,09:00,1,216,0,0,0,
2026-02-27 09:16:21,2026-02-27,09:00,1,283,0,0,0,
2026-02-27 09:16:27,2026-02-27,09:00,1,207,0,0,0,
2026-02-27 09:16:32,2026-02-27,09:00,1,227,0,0,0,
2026-02-27 09:16:37,2026-02-27,09:00,1,244,0,0,0,
2026-02-27 09:16:42,2026-02-27,09:00,1,262,0,0,0,
2026-02-27 09:16:48,2026-02-27,09:00,1,424,1,0,1,
2026-02-27 09:16:53,2026-02-27,09:00,1,1236,1,0,2,
2026-02-27 09:16:59,2026-02-27,09:00,1,2448,1,0,3,
2026-02-27 09:17:09,2026-02-27,09:00,0,,1,1,4,
2026-02-27 09:17:16,2026-02-27,09:00,1,160,0,0,4,
2026-02-27 09:17:22,2026-02-27,09:00,1,115,0,0,4,
2026-02-27 09:17:27,2026-02-27,09:00,1,127,0,0,4,
2026-02-27 09:17:32,2026-02-27,09:00,1,123,0,0,4,
2026-02-27 09:17:37,2026-02-27,09:00,1,126,0,0,4,
2026-02-27 09:17:42,2026-02-27,09:00,1,184,0,0,4,
2026-02-27 09:17:47,2026-02-27,09:00,1,117,0,0,3,
2026-02-27 09:17:53,2026-02-27,09:00,1,117,0,0,2,
2026-02-27 09:17:58,2026-02-27,09:00,1,254,0,0,1,
2026-02-27 09:18:03,2026-02-27,09:00,1,131,0,0,0,
2026-02-27 09:18:08,2026-02-27,09:00,1,134,0,0,0,
2026-02-27 09:18:13,2026-02-27,09:00,1,148,0,0,0,
2026-02-27 09:18:19,2026-02-27,09:00,1,117,0,0,0,
2026-02-27 09:18:24,2026-02-27,09:00,1,117,0,0,0,
2026-02-27 09:18:29,2026-02-27,09:00,1,120,0,0,0,
2026-02-27 09:18:34,2026-02-27,09:00,1,156,0,0,0,
2026-02-27 09:18:39,2026-02-27,09:00,1,126,0,0,0,
2026-02-27 09:18:44,2026-02-27,09:00,1,116,0,0,0,
2026-02-27 09:18:50,2026-02-27,09:00,1,114,0,0,0,
2026-02-27 09:18:55,2026-02-27,09:00,1,123,0,0,0,
2026-02-27 09:19:00,2026-02-27,09:00,1,169,0,0,0,
2026-02-27 09:19:05,2026-02-27,09:00,1,141,0,0,0,
2026-02-27 09:19:10,2026-02-27,09:00,1,121,0,0,0,
2026-02-27 09:19:15,2026-02-27,09:00,1,168,0,0,0,
2026-02-27 09:19:21,2026-02-27,09:00,1,203,0,0,0,
2026-02-27 09:19:26,2026-02-27,09:00,1,221,0,0,0,
2026-02-27 09:19:31,2026-02-27,09:00,1,227,0,0,0,
2026-02-27 09:19:36,2026-02-27,09:00,1,318,1,0,1,
2026-02-27 09:19:42,2026-02-27,09:00,1,1091,1,0,2,
2026-02-27 09:19:48,2026-02-27,09:00,1,282,0,0,2,
2026-02-27 09:19:53,2026-02-27,09:00,1,151,0,0,2,
2026-02-27 09:19:58,2026-02-27,09:00,1,150,0,0,2,
2026-02-27 09:20:04,2026-02-27,09:00,1,216,0,0,2,
2026-02-27 09:20:09,2026-02-27,09:00,1,855,1,0,3,
2026-02-27 09:20:15,2026-02-27,09:00,0,,1,1,4,
2026-02-27 09:20:23,2026-02-27,09:00,1,134,0,0,4,
2026-02-27 09:20:28,2026-02-27,09:00,1,133,0,0,4,
2026-02-27 09:20:33,2026-02-27,09:00,1,123,0,0,3,
2026-02-27 09:20:38,2026-02-27,09:00,1,149,0,0,2,
2026-02-27 09:20:44,2026-02-27,09:00,1,113,0,0,2,
2026-02-27 09:20:49,2026-02-27,09:00,1,204,0,0,2,
2026-02-27 09:20:54,2026-02-27,09:00,1,200,0,0,2,
2026-02-27 09:20:59,2026-02-27,09:00,1,203,0,0,2,
2026-02-27 09:21:04,2026-02-27,09:00,1,207,0,0,1,
2026-02-27 09:21:10,2026-02-27,09:00,1,209,0,0,0,
2026-02-27 09:21:15,2026-02-27,09:00,1,546,1,0,1,
2026-02-27 09:21:21,2026-02-27,09:00,1,198,0,0,1,
2026-02-27 09:21:26,2026-02-27,09:00,1,218,0,0,1,
2026-02-27 09:21:31,2026-02-27,09:00,1,201,0,0,1,
2026-02-27 09:21:36,2026-02-27,09:00,1,213,0,0,1,
2026-02-27 09:21:42,2026-02-27,09:00,1,201,0,0,1,
2026-02-27 09:21:47,2026-02-27,09:00,1,219,0,0,1,
2026-02-27 09:21:52,2026-02-27,09:00,1,184,0,0,1,
2026-02-27 09:21:57,2026-02-27,09:00,1,287,0,0,1,
2026-02-27 09:22:03,2026-02-27,09:00,0,,1,1,2,
2026-02-27 09:22:11,2026-02-27,09:00,1,42,0,0,1,
2026-02-27 09:22:16,2026-02-27,09:00,1,2595,1,0,2,
2026-02-27 09:22:24,2026-02-27,09:00,0,,1,1,3,
2026-02-27 09:22:31,2026-02-27,09:00,1,52,0,0,3,
2026-02-27 09:22:36,2026-02-27,09:00,1,118,0,0,3,
2026-02-27 09:22:42,2026-02-27,09:00,1,448,1,0,4,
2026-02-27 09:22:47,2026-02-27,09:00,1,705,1,0,5,
2026-02-27 09:22:53,2026-02-27,09:00,1,33,0,0,5,
2026-02-27 09:22:58,2026-02-27,09:00,1,80,0,0,5,
2026-02-27 09:23:03,2026-02-27,09:00,1,470,1,0,5,
2026-02-27 09:23:08,2026-02-27,09:00,1,335,1,0,6,
2026-02-27 09:23:14,2026-02-27,09:00,1,274,0,0,5,
2026-02-27 09:23:19,2026-02-27,09:00,1,1126,1,0,5,
2026-02-27 09:23:25,2026-02-27,09:00,1,217,0,0,5,
2026-02-27 09:23:31,2026-02-27,09:00,1,395,1,0,6,
2026-02-27 09:23:36,2026-02-27,09:00,1,381,1,0,6,
2026-02-27 09:23:41,2026-02-27,09:00,1,244,0,0,5,
2026-02-27 09:23:47,2026-02-27,09:00,1,254,0,0,5,
2026-02-27 09:23:52,2026-02-27,09:00,1,221,0,0,5,
2026-02-27 09:23:57,2026-02-27,09:00,1,202,0,0,4,
2026-02-27 09:24:03,2026-02-27,09:00,1,251,0,0,3,
2026-02-27 09:24:08,2026-02-27,09:00,1,207,0,0,3,
2026-02-27 09:24:13,2026-02-27,09:00,1,201,0,0,2,
2026-02-27 09:24:18,2026-02-27,09:00,1,233,0,0,2,
2026-02-27 09:24:24,2026-02-27,09:00,1,202,0,0,1,
2026-02-27 09:24:29,2026-02-27,09:00,1,209,0,0,0,
2026-02-27 09:24:34,2026-02-27,09:00,1,208,0,0,0,
2026-02-27 09:24:39,2026-02-27,09:00,1,277,0,0,0,
2026-02-27 09:24:45,2026-02-27,09:00,1,292,0,0,0,
2026-02-27 09:24:50,2026-02-27,09:00,1,225,0,0,0,
2026-02-27 09:24:55,2026-02-27,09:00,1,211,0,0,0,
2026-02-27 09:25:00,2026-02-27,09:00,1,215,0,0,0,
2026-02-27 09:25:06,2026-02-27,09:00,1,223,0,0,0,
2026-02-27 09:25:11,2026-02-27,09:00,1,219,0,0,0,
2026-02-27 09:25:16,2026-02-27,09:00,1,249,0,0,0,
2026-02-27 09:25:22,2026-02-27,09:00,1,222,0,0,0,
2026-02-27 09:25:27,2026-02-27,09:00,1,209,0,0,0,
2026-02-27 09:25:32,2026-02-27,09:00,1,199,0,0,0,
2026-02-27 09:25:37,2026-02-27,09:00,1,202,0,0,0,
2026-02-27 09:25:43,2026-02-27,09:00,1,200,0,0,0,
2026-02-27 09:25:48,2026-02-27,09:00,1,236,0,0,0,
2026-02-27 09:25:53,2026-02-27,09:00,1,204,0,0,0,
2026-02-27 09:25:58,2026-02-27,09:00,1,282,0,0,0,
2026-02-27 09:26:04,2026-02-27,09:00,1,209,0,0,0,
2026-02-27 09:26:09,2026-02-27,09:00,1,203,0,0,0,
2026-02-27 09:26:14,2026-02-27,09:00,1,212,0,0,0,
2026-02-27 09:26:19,2026-02-27,09:00,1,199,0,0,0,
2026-02-27 09:26:25,2026-02-27,09:00,1,253,0,0,0,
2026-02-27 09:26:30,2026-02-27,09:00,1,1725,1,0,1,
2026-02-27 09:26:37,2026-02-27,09:00,0,,1,1,2,
2026-02-27 09:26:44,2026-02-27,09:00,0,,1,2,3,
2026-02-27 09:26:52,2026-02-27,09:00,0,,1,3,4,
2026-02-27 09:27:00,2026-02-27,09:00,1,220,0,0,4,
2026-02-27 09:27:06,2026-02-27,09:00,1,122,0,0,4,
2026-02-27 09:27:11,2026-02-27,09:00,1,157,0,0,4,
2026-02-27 09:27:16,2026-02-27,09:00,1,111,0,0,4,
2026-02-27 09:27:21,2026-02-27,09:00,1,119,0,0,4,
2026-02-27 09:27:26,2026-02-27,09:00,1,129,0,0,4,
2026-02-27 09:27:31,2026-02-27,09:00,1,131,0,0,3,
2026-02-27 09:27:37,2026-02-27,09:00,1,150,0,0,2,
2026-02-27 09:27:42,2026-02-27,09:00,1,125,0,0,1,
2026-02-27 09:27:47,2026-02-27,09:00,1,137,0,0,0,
2026-02-27 09:27:52,2026-02-27,09:00,1,152,0,0,0,
2026-02-27 09:27:57,2026-02-27,09:00,1,127,0,0,0,
2026-02-27 09:28:03,2026-02-27,09:00,1,125,0,0,0,
2026-02-27 09:28:08,2026-02-27,09:00,1,126,0,0,0,
2026-02-27 09:28:13,2026-02-27,09:00,1,128,0,0,0,
2026-02-27 09:28:18,2026-02-27,09:00,1,132,0,0,0,
2026-02-27 09:28:23,2026-02-27,09:00,1,126,0,0,0,
2026-02-27 09:28:28,2026-02-27,09:00,1,127,0,0,0,
2026-02-27 09:28:34,2026-02-27,09:00,1,117,0,0,0,
2026-02-27 09:28:39,2026-02-27,09:00,1,120,0,0,0,
2026-02-27 09:28:44,2026-02-27,09:00,1,124,0,0,0,
2026-02-27 09:28:49,2026-02-27,09:00,1,128,0,0,0,
2026-02-27 09:28:54,2026-02-27,09:00,1,130,0,0,0,
2026-02-27 09:28:59,2026-02-27,09:00,1,135,0,0,0,
2026-02-27 09:29:05,2026-02-27,09:00,1,122,0,0,0,
2026-02-27 09:29:10,2026-02-27,09:00,1,116,0,0,0,
2026-02-27 09:29:15,2026-02-27,09:00,1,154,0,0,0,
2026-02-27 09:29:20,2026-02-27,09:00,1,169,0,0,0,
2026-02-27 09:29:25,2026-02-27,09:00,1,132,0,0,0,
2026-02-27 09:29:30,2026-02-27,09:00,1,111,0,0,0,
2026-02-27 09:29:36,2026-02-27,09:00,1,117,0,0,0,
2026-02-27 09:29:41,2026-02-27,09:00,1,159,0,0,0,
2026-02-27 09:29:46,2026-02-27,09:00,1,117,0,0,0,
2026-02-27 09:29:51,2026-02-27,09:00,1,124,0,0,0,
2026-02-27 09:29:56,2026-02-27,09:00,1,124,0,0,0,
2026-02-27 09:30:01,2026-02-27,09:00,1,149,0,0,0,
2026-02-27 09:30:07,2026-02-27,09:00,1,161,0,0,0,
2026-02-27 09:30:12,2026-02-27,09:00,1,161,0,0,0,
2026-02-27 09:30:17,2026-02-27,09:00,1,116,0,0,0,
2026-02-27 09:30:22,2026-02-27,09:00,1,130,0,0,0,
2026-02-27 09:30:27,2026-02-27,09:00,1,124,0,0,0,
2026-02-27 09:30:33,2026-02-27,09:00,1,115,0,0,0,
2026-02-27 09:30:38,2026-02-27,09:00,1,116,0,0,0,
2026-02-27 09:30:43,2026-02-27,09:00,1,127,0,0,0,
2026-02-27 09:30:48,2026-02-27,09:00,1,114,0,0,0,
2026-02-27 09:30:53,2026-02-27,09:00,1,120,0,0,0,
2026-02-27 09:30:58,2026-02-27,09:00,1,118,0,0,0,
2026-02-27 09:31:03,2026-02-27,09:00,1,129,0,0,0,
2026-02-27 09:31:09,2026-02-27,09:00,1,121,0,0,0,
2026-02-27 09:31:14,2026-02-27,09:00,1,117,0,0,0,
2026-02-27 09:31:19,2026-02-27,09:00,1,216,0,0,0,
2026-02-27 09:31:24,2026-02-27,09:00,1,225,0,0,0,
2026-02-27 09:31:30,2026-02-27,09:00,1,217,0,0,0,
2026-02-27 09:31:35,2026-02-27,09:00,1,257,0,0,0,
2026-02-27 09:31:40,2026-02-27,09:00,1,220,0,0,0,
2026-02-27 09:31:45,2026-02-27,09:00,1,214,0,0,0,
2026-02-27 09:31:51,2026-02-27,09:00,1,219,0,0,0,
2026-02-27 09:31:56,2026-02-27,09:00,1,184,0,0,0,
2026-02-27 09:32:01,2026-02-27,09:00,1,125,0,0,0,
2026-02-27 09:32:06,2026-02-27,09:00,1,145,0,0,0,
2026-02-27 09:32:11,2026-02-27,09:00,1,122,0,0,0,
2026-02-27 09:32:17,2026-02-27,09:00,1,114,0,0,0,
2026-02-27 09:32:22,2026-02-27,09:00,1,138,0,0,0,
2026-02-27 09:32:27,2026-02-27,09:00,1,133,0,0,0,
2026-02-27 09:32:32,2026-02-27,09:00,1,131,0,0,0,
2026-02-27 09:32:37,2026-02-27,09:00,1,126,0,0,0,
2026-02-27 09:32:42,2026-02-27,09:00,1,144,0,0,0,
2026-02-27 09:32:48,2026-02-27,09:00,1,148,0,0,0,
2026-02-27 09:32:53,2026-02-27,09:00,1,139,0,0,0,
2026-02-27 09:32:58,2026-02-27,09:00,1,203,0,0,0,
2026-02-27 09:33:03,2026-02-27,09:00,1,264,0,0,0,
2026-02-27 09:33:09,2026-02-27,09:00,1,125,0,0,0,
2026-02-27 09:33:14,2026-02-27,09:00,1,157,0,0,0,
2026-02-27 09:33:19,2026-02-27,09:00,1,128,0,0,0,
2026-02-27 09:33:24,2026-02-27,09:00,1,232,0,0,0,
2026-02-27 09:33:29,2026-02-27,09:00,1,157,0,0,0,
2026-02-27 09:33:35,2026-02-27,09:00,1,165,0,0,0,
2026-02-27 09:33:40,2026-02-27,09:00,1,221,0,0,0,
2026-02-27 09:33:45,2026-02-27,09:00,1,121,0,0,0,
2026-02-27 09:33:50,2026-02-27,09:00,1,119,0,0,0,
2026-02-27 09:33:55,2026-02-27,09:00,1,117,0,0,0,
2026-02-27 09:34:00,2026-02-27,09:00,1,120,0,0,0,
2026-02-27 09:34:06,2026-02-27,09:00,1,259,0,0,0,
2026-02-27 09:34:11,2026-02-27,09:00,1,124,0,0,0,
2026-02-27 09:34:16,2026-02-27,09:00,1,122,0,0,0,
2026-02-27 09:34:21,2026-02-27,09:00,1,126,0,0,0,
2026-02-27 09:34:26,2026-02-27,09:00,1,119,0,0,0,
2026-02-27 09:34:32,2026-02-27,09:00,0,,1,1,1,
2026-02-27 09:34:39,2026-02-27,09:00,1,256,0,0,1,
2026-02-27 09:34:45,2026-02-27,09:00,1,738,1,0,2,
2026-02-27 09:34:50,2026-02-27,09:00,1,246,0,0,2,
2026-02-27 09:34:56,2026-02-27,09:00,1,191,0,0,2,
2026-02-27 09:35:01,2026-02-27,09:00,1,166,0,0,2,
2026-02-27 09:35:06,2026-02-27,09:00,1,148,0,0,2,
2026-02-27 09:35:11,2026-02-27,09:00,1,124,0,0,2,
2026-02-27 09:35:17,2026-02-27,09:00,1,116,0,0,2,
2026-02-27 09:35:22,2026-02-27,09:00,1,185,0,0,2,
2026-02-27 09:35:27,2026-02-27,09:00,1,135,0,0,1,
2026-02-27 09:35:32,2026-02-27,09:00,1,123,0,0,1,
2026-02-27 09:35:37,2026-02-27,09:00,1,166,0,0,0,
2026-02-27 09:35:42,2026-02-27,09:00,1,130,0,0,0,
2026-02-27 09:35:48,2026-02-27,09:00,1,120,0,0,0,
2026-02-27 09:35:53,2026-02-27,09:00,1,211,0,0,0,
2026-02-27 09:35:58,2026-02-27,09:00,1,344,1,0,1,
2026-02-27 09:36:03,2026-02-27,09:00,1,256,0,0,1,
2026-02-27 09:36:09,2026-02-27,09:00,1,243,0,0,1,
2026-02-27 09:36:14,2026-02-27,09:00,1,203,0,0,1,
2026-02-27 09:36:19,2026-02-27,09:00,1,211,0,0,1,
2026-02-27 09:36:25,2026-02-27,09:00,1,256,0,0,1,
2026-02-27 09:36:30,2026-02-27,09:00,1,205,0,0,1,
2026-02-27 09:36:35,2026-02-27,09:00,1,194,0,0,1,
2026-02-27 09:36:40,2026-02-27,09:00,1,201,0,0,1,
2026-02-27 09:36:46,2026-02-27,09:00,1,305,1,0,2,
2026-02-27 09:36:51,2026-02-27,09:00,1,359,1,0,2,
2026-02-27 09:36:56,2026-02-27,09:00,1,142,0,0,2,
2026-02-27 09:37:02,2026-02-27,09:00,1,126,0,0,2,
2026-02-27 09:37:07,2026-02-27,09:00,1,192,0,0,2,
2026-02-27 09:37:12,2026-02-27,09:00,1,138,0,0,2,
2026-02-27 09:37:17,2026-02-27,09:00,1,186,0,0,2,
2026-02-27 09:37:22,2026-02-27,09:00,1,136,0,0,2,
2026-02-27 09:37:28,2026-02-27,09:00,1,145,0,0,2,
2026-02-27 09:37:33,2026-02-27,09:00,1,165,0,0,2,
2026-02-27 09:37:38,2026-02-27,09:00,1,125,0,0,1,
2026-02-27 09:37:43,2026-02-27,09:00,1,121,0,0,0,
2026-02-27 09:37:48,2026-02-27,09:00,1,114,0,0,0,
2026-02-27 09:37:53,2026-02-27,09:00,1,120,0,0,0,
2026-02-27 09:37:59,2026-02-27,09:00,1,132,0,0,0,
2026-02-27 09:38:04,2026-02-27,09:00,1,181,0,0,0,
2026-02-27 09:38:09,2026-02-27,09:00,1,225,0,0,0,
2026-02-27 09:38:14,2026-02-27,09:00,1,134,0,0,0,
2026-02-27 09:38:19,2026-02-27,09:00,1,119,0,0,0,
2026-02-27 09:38:25,2026-02-27,09:00,1,210,0,0,0,
2026-02-27 09:38:30,2026-02-27,09:00,1,115,0,0,0,
2026-02-27 09:38:35,2026-02-27,09:00,1,118,0,0,0,
2026-02-27 09:38:40,2026-02-27,09:00,1,114,0,0,0,
2026-02-27 09:38:45,2026-02-27,09:00,1,111,0,0,0,
2026-02-27 09:38:50,2026-02-27,09:00,1,113,0,0,0,
2026-02-27 09:38:56,2026-02-27,09:00,1,123,0,0,0,
2026-02-27 09:39:01,2026-02-27,09:00,1,169,0,0,0,
2026-02-27 09:39:06,2026-02-27,09:00,1,122,0,0,0,
2026-02-27 09:39:11,2026-02-27,09:00,1,208,0,0,0,
2026-02-27 09:39:16,2026-02-27,09:00,1,113,0,0,0,
2026-02-27 09:39:21,2026-02-27,09:00,1,116,0,0,0,
2026-02-27 09:39:27,2026-02-27,09:00,1,129,0,0,0,
2026-02-27 09:39:32,2026-02-27,09:00,1,119,0,0,0,
2026-02-27 09:39:37,2026-02-27,09:00,1,119,0,0,0,
2026-02-27 09:39:42,2026-02-27,09:00,1,129,0,0,0,
2026-02-27 09:39:47,2026-02-27,09:00,1,166,0,0,0,
2026-02-27 09:39:52,2026-02-27,09:00,1,119,0,0,0,
2026-02-27 09:39:58,2026-02-27,09:00,1,142,0,0,0,
2026-02-27 09:40:03,2026-02-27,09:00,1,150,0,0,0,
2026-02-27 09:40:08,2026-02-27,09:00,1,125,0,0,0,
2026-02-27 09:40:13,2026-02-27,09:00,1,119,0,0,0,
2026-02-27 09:40:18,2026-02-27,09:00,1,123,0,0,0,
2026-02-27 09:40:24,2026-02-27,09:00,1,120,0,0,0,
2026-02-27 09:40:29,2026-02-27,09:00,1,130,0,0,0,
2026-02-27 09:40:34,2026-02-27,09:00,1,121,0,0,0,
2026-02-27 09:40:39,2026-02-27,09:00,1,122,0,0,0,
2026-02-27 09:40:44,2026-02-27,09:00,1,119,0,0,0,
2026-02-27 09:40:49,2026-02-27,09:00,1,114,0,0,0,
2026-02-27 09:40:55,2026-02-27,09:00,1,232,0,0,0,
2026-02-27 09:41:00,2026-02-27,09:00,1,224,0,0,0,
2026-02-27 09:41:05,2026-02-27,09:00,1,233,0,0,0,
2026-02-27 09:41:10,2026-02-27,09:00,1,192,0,0,0,
2026-02-27 09:41:16,2026-02-27,09:00,1,209,0,0,0,
2026-02-27 09:41:21,2026-02-27,09:00,1,209,0,0,0,
2026-02-27 09:41:26,2026-02-27,09:00,1,230,0,0,0,
2026-02-27 09:41:31,2026-02-27,09:00,1,195,0,0,0,
2026-02-27 09:41:37,2026-02-27,09:00,1,607,1,0,1,
2026-02-27 09:41:42,2026-02-27,09:00,1,210,0,0,1,
2026-02-27 09:41:48,2026-02-27,09:00,1,204,0,0,1,
2026-02-27 09:41:53,2026-02-27,09:00,1,225,0,0,1,
2026-02-27 09:41:58,2026-02-27,09:00,1,238,0,0,1,
2026-02-27 09:42:03,2026-02-27,09:00,1,203,0,0,1,
2026-02-27 09:42:09,2026-02-27,09:00,1,201,0,0,1,
2026-02-27 09:42:14,2026-02-27,09:00,1,238,0,0,1,
2026-02-27 09:42:19,2026-02-27,09:00,1,198,0,0,1,
2026-02-27 09:42:24,2026-02-27,09:00,1,212,0,0,1,
2026-02-27 09:42:30,2026-02-27,09:00,1,265,0,0,0,
2026-02-27 09:42:35,2026-02-27,09:00,1,204,0,0,0,
2026-02-27 09:42:40,2026-02-27,09:00,1,281,0,0,0,
2026-02-27 09:42:45,2026-02-27,09:00,1,221,0,0,0,
2026-02-27 09:42:51,2026-02-27,09:00,1,196,0,0,0,
2026-02-27 09:42:56,2026-02-27,09:00,1,203,0,0,0,
2026-02-27 09:43:01,2026-02-27,09:00,1,280,0,0,0,
2026-02-27 09:43:07,2026-02-27,09:00,1,220,0,0,0,
2026-02-27 09:43:12,2026-02-27,09:00,1,197,0,0,0,
2026-02-27 09:43:17,2026-02-27,09:00,1,233,0,0,0,
2026-02-27 09:43:22,2026-02-27,09:00,1,205,0,0,0,
2026-02-27 09:43:28,2026-02-27,09:00,1,233,0,0,0,
2026-02-27 09:43:33,2026-02-27,09:00,1,197,0,0,0,
2026-02-27 09:43:38,2026-02-27,09:00,1,205,0,0,0,
2026-02-27 09:43:43,2026-02-27,09:00,1,193,0,0,0,
2026-02-27 09:43:49,2026-02-27,09:00,1,196,0,0,0,
2026-02-27 09:43:54,2026-02-27,09:00,1,288,0,0,0,
2026-02-27 09:43:59,2026-02-27,09:00,1,239,0,0,0,
2026-02-27 09:44:04,2026-02-27,09:00,1,316,1,0,1,
2026-02-27 09:44:10,2026-02-27,09:00,1,293,0,0,1,
2026-02-27 09:44:15,2026-02-27,09:00,1,201,0,0,1,
2026-02-27 09:44:20,2026-02-27,09:00,1,287,0,0,1,
2026-02-27 09:44:26,2026-02-27,09:00,1,280,0,0,1,
2026-02-27 09:44:31,2026-02-27,09:00,1,246,0,0,1,
2026-02-27 09:44:36,2026-02-27,09:00,1,235,0,0,1,
2026-02-27 09:44:41,2026-02-27,09:00,1,415,1,0,2,
2026-02-27 09:44:47,2026-02-27,09:00,1,248,0,0,2,
2026-02-27 09:44:52,2026-02-27,09:00,1,411,1,0,3,
2026-02-27 09:44:58,2026-02-27,09:00,1,223,0,0,2,
2026-02-27 09:45:03,2026-02-27,09:00,1,274,0,0,2,
2026-02-27 09:45:08,2026-02-27,09:00,1,570,1,0,3,
2026-02-27 09:45:14,2026-02-27,09:00,1,386,1,0,4,
2026-02-27 09:45:19,2026-02-27,09:00,1,229,0,0,4,
2026-02-27 09:45:25,2026-02-27,09:00,1,248,0,0,4,
2026-02-27 09:45:30,2026-02-27,09:00,1,378,1,0,5,
2026-02-27 09:45:35,2026-02-27,09:00,1,287,0,0,4,
2026-02-27 09:45:41,2026-02-27,09:00,1,137,0,0,4,
2026-02-27 09:45:46,2026-02-27,09:00,1,120,0,0,3,
2026-02-27 09:45:51,2026-02-27,09:00,1,312,1,0,4,
2026-02-27 09:45:56,2026-02-27,09:00,1,174,0,0,4,
2026-02-27 09:46:02,2026-02-27,09:00,1,133,0,0,3,
2026-02-27 09:46:07,2026-02-27,09:00,1,143,0,0,2,
2026-02-27 09:46:12,2026-02-27,09:00,1,219,0,0,2,
2026-02-27 09:46:17,2026-02-27,09:00,1,250,0,0,2,
2026-02-27 09:46:22,2026-02-27,09:00,1,240,0,0,1,
2026-02-27 09:46:28,2026-02-27,09:00,1,212,0,0,1,
2026-02-27 09:46:33,2026-02-27,09:00,1,211,0,0,1,
2026-02-27 09:46:38,2026-02-27,09:00,1,215,0,0,1,
2026-02-27 09:46:43,2026-02-27,09:00,1,204,0,0,0,
2026-02-27 09:46:49,2026-02-27,09:00,1,212,0,0,0,
2026-02-27 09:46:54,2026-02-27,09:00,1,204,0,0,0,
2026-02-27 09:46:59,2026-02-27,09:00,1,746,1,0,1,
2026-02-27 09:47:05,2026-02-27,09:00,1,454,1,0,2,
2026-02-27 09:47:11,2026-02-27,09:00,1,215,0,0,2,
2026-02-27 09:47:16,2026-02-27,09:00,1,940,1,0,3,
2026-02-27 09:47:22,2026-02-27,09:00,1,273,0,0,3,
2026-02-27 09:47:27,2026-02-27,09:00,1,294,0,0,3,
2026-02-27 09:47:32,2026-02-27,09:00,1,271,0,0,3,
2026-02-27 09:47:38,2026-02-27,09:00,1,201,0,0,3,
2026-02-27 09:47:43,2026-02-27,09:00,1,285,0,0,3,
2026-02-27 09:47:48,2026-02-27,09:00,1,201,0,0,3,
2026-02-27 09:47:54,2026-02-27,09:00,1,355,1,0,3,
2026-02-27 09:47:59,2026-02-27,09:00,1,267,0,0,2,
2026-02-27 09:48:04,2026-02-27,09:00,1,280,0,0,2,
2026-02-27 09:48:10,2026-02-27,09:00,1,212,0,0,1,
2026-02-27 09:48:15,2026-02-27,09:00,1,203,0,0,1,
2026-02-27 09:48:20,2026-02-27,09:00,1,197,0,0,1,
2026-02-27 09:48:25,2026-02-27,09:00,1,314,1,0,2,
2026-02-27 09:48:31,2026-02-27,09:00,1,220,0,0,2,
2026-02-27 09:48:36,2026-02-27,09:00,1,249,0,0,2,
2026-02-27 09:48:41,2026-02-27,09:00,1,389,1,0,3,
2026-02-27 09:48:47,2026-02-27,09:00,1,315,1,0,3,
2026-02-27 09:48:52,2026-02-27,09:00,1,321,1,0,4,
2026-02-27 09:48:57,2026-02-27,09:00,1,381,1,0,5,
2026-02-27 09:49:03,2026-02-27,09:00,1,361,1,0,6,
2026-02-27 09:49:08,2026-02-27,09:00,1,267,0,0,6,
2026-02-27 09:49:14,2026-02-27,09:00,1,204,0,0,6,
2026-02-27 09:49:19,2026-02-27,09:00,1,217,0,0,5,
2026-02-27 09:49:24,2026-02-27,09:00,1,350,1,0,6,
2026-02-27 09:49:29,2026-02-27,09:00,1,329,1,0,7,latency
2026-02-27 09:49:42,2026-02-27,09:00,0,,1,1,,
2026-02-27 09:49:47,2026-02-27,09:00,0,,1,2,,
2026-02-27 09:49:52,2026-02-27,09:00,1,1328,1,0,,
2026-02-27 09:50:02,2026-02-27,09:00,1,487,1,0,,
2026-02-27 09:50:08,2026-02-27,09:00,0,,1,1,,
2026-02-27 09:50:17,2026-02-27,09:00,1,1403,1,0,,
2026-02-27 09:50:23,2026-02-27,09:00,1,224,0,0,,
2026-02-27 09:50:29,2026-02-27,09:00,1,350,1,0,,
2026-02-27 09:50:34,2026-02-27,09:00,1,207,0,0,,
2026-02-27 09:50:39,2026-02-27,09:00,1,235,0,0,7,latency
2026-02-27 09:50:55,2026-02-27,09:00,1,242,0,0,,
2026-02-27 09:51:00,2026-02-27,09:00,1,225,0,0,,
2026-02-27 09:51:05,2026-02-27,09:00,1,245,0,0,,
2026-02-27 09:51:11,2026-02-27,09:00,1,203,0,0,,
2026-02-27 09:51:16,2026-02-27,09:00,1,219,0,0,,
2026-02-27 09:51:21,2026-02-27,09:00,1,216,0,0,,
2026-02-27 09:51:26,2026-02-27,09:00,1,233,0,0,,
2026-02-27 09:51:32,2026-02-27,09:00,1,314,1,0,,
2026-02-27 09:51:37,2026-02-27,09:00,1,273,0,0,,
2026-02-27 09:51:42,2026-02-27,09:00,1,228,0,0,1,
2026-02-27 09:51:47,2026-02-27,09:00,1,275,0,0,1,
2026-02-27 09:51:53,2026-02-27,09:00,1,219,0,0,1,
2026-02-27 09:51:58,2026-02-27,09:00,1,52,0,0,1,
2026-02-27 09:52:03,2026-02-27,09:00,1,56,0,0,1,
2026-02-27 09:52:08,2026-02-27,09:00,1,26,0,0,1,
2026-02-27 09:52:13,2026-02-27,09:00,1,29,0,0,1,
2026-02-27 09:52:18,2026-02-27,09:00,1,31,0,0,1,
2026-02-27 09:52:23,2026-02-27,09:00,1,40,0,0,0,
2026-02-27 09:52:29,2026-02-27,09:00,1,109,0,0,0,
2026-02-27 09:52:34,2026-02-27,09:00,1,86,0,0,0,
2026-02-27 09:52:39,2026-02-27,09:00,1,92,0,0,0,
2026-02-27 09:52:44,2026-02-27,09:00,1,116,0,0,0,
2026-02-27 09:52:49,2026-02-27,09:00,1,110,0,0,0,
2026-02-27 09:52:54,2026-02-27,09:00,1,88,0,0,0,
2026-02-27 09:52:59,2026-02-27,09:00,1,22,0,0,0,
2026-02-27 09:53:04,2026-02-27,09:00,1,32,0,0,0,
2026-02-27 09:53:09,2026-02-27,09:00,1,24,0,0,0,
2026-02-27 09:53:15,2026-02-27,09:00,0,,1,1,1,
2026-02-27 09:53:22,2026-02-27,09:00,1,23,0,0,1,
2026-02-27 09:53:27,2026-02-27,09:00,1,72,0,0,1,
2026-02-27 09:53:32,2026-02-27,09:00,1,85,0,0,1,
2026-02-27 09:53:38,2026-02-27,09:00,1,124,0,0,1,
2026-02-27 09:53:43,2026-02-27,09:00,1,87,0,0,1,
2026-02-27 09:53:48,2026-02-27,09:00,1,57,0,0,1,
2026-02-27 09:53:53,2026-02-27,09:00,1,147,0,0,1,
2026-02-27 09:53:58,2026-02-27,09:00,1,70,0,0,1,
2026-02-27 09:54:03,2026-02-27,09:00,1,75,0,0,1,
2026-02-27 09:54:08,2026-02-27,09:00,1,48,0,0,0,
2026-02-27 09:54:13,2026-02-27,09:00,1,78,0,0,0,
2026-02-27 09:54:19,2026-02-27,09:00,1,42,0,0,0,
2026-02-27 09:54:24,2026-02-27,09:00,1,34,0,0,0,
2026-02-27 09:54:29,2026-02-27,09:00,1,209,0,0,0,
2026-02-27 09:54:34,2026-02-27,09:00,1,417,1,0,1,
2026-02-27 09:54:39,2026-02-27,09:00,1,368,1,0,2,
2026-02-27 09:54:45,2026-02-27,09:00,1,200,0,0,2,
2026-02-27 09:54:50,2026-02-27,09:00,1,195,0,0,2,
2026-02-27 09:54:55,2026-02-27,09:00,1,214,0,0,2,
2026-02-27 09:55:01,2026-02-27,09:00,1,205,0,0,2,
2026-02-27 09:55:06,2026-02-27,09:00,1,196,0,0,2,
2026-02-27 09:55:11,2026-02-27,09:00,1,225,0,0,2,
2026-02-27 09:55:16,2026-02-27,09:00,1,198,0,0,2,
2026-02-27 09:55:22,2026-02-27,09:00,1,246,0,0,2,
2026-02-27 09:55:27,2026-02-27,09:00,1,275,0,0,1,
2026-02-27 09:55:32,2026-02-27,09:00,1,205,0,0,0,
2026-02-27 09:55:37,2026-02-27,09:00,1,200,0,0,0,
2026-02-27 09:55:43,2026-02-27,09:00,1,230,0,0,0,
2026-02-27 09:55:48,2026-02-27,09:00,1,282,0,0,0,
2026-02-27 09:55:53,2026-02-27,09:00,1,258,0,0,0,
2026-02-27 09:55:59,2026-02-27,09:00,1,215,0,0,0,
2026-02-27 09:56:04,2026-02-27,09:00,1,295,0,0,0,
2026-02-27 09:56:09,2026-02-27,09:00,1,276,0,0,0,
2026-02-27 09:56:14,2026-02-27,09:00,1,294,0,0,0,
2026-02-27 09:56:20,2026-02-27,09:00,1,199,0,0,0,
2026-02-27 09:56:25,2026-02-27,09:00,1,200,0,0,0,
2026-02-27 09:56:30,2026-02-27,09:00,1,198,0,0,0,
2026-02-27 09:56:36,2026-02-27,09:00,1,219,0,0,0,
2026-02-27 09:56:41,2026-02-27,09:00,1,202,0,0,0,
2026-02-27 09:56:46,2026-02-27,09:00,1,202,0,0,0,
2026-02-27 09:56:51,2026-02-27,09:00,1,37,0,0,0,
2026-02-27 09:56:56,2026-02-27,09:00,1,36,0,0,0,
2026-02-27 09:57:01,2026-02-27,09:00,1,26,0,0,0,
2026-02-27 09:57:06,2026-02-27,09:00,1,26,0,0,0,
2026-02-27 09:57:11,2026-02-27,09:00,1,49,0,0,0,
2026-02-27 09:57:17,2026-02-27,09:00,1,50,0,0,0,
2026-02-27 09:57:22,2026-02-27,09:00,1,22,0,0,0,
2026-02-27 09:57:27,2026-02-27,09:00,1,217,0,0,0,
2026-02-27 09:57:32,2026-02-27,09:00,1,195,0,0,0,
2026-02-27 09:57:37,2026-02-27,09:00,1,210,0,0,0,
2026-02-27 09:57:42,2026-02-27,09:00,1,218,0,0,0,
2026-02-27 09:57:48,2026-02-27,09:00,1,231,0,0,0,
2026-02-27 09:57:53,2026-02-27,09:00,1,195,0,0,0,
2026-02-27 09:57:58,2026-02-27,09:00,1,213,0,0,0,
2026-02-27 09:58:03,2026-02-27,09:00,1,235,0,0,0,
2026-02-27 09:58:09,2026-02-27,09:00,1,200,0,0,0,
2026-02-27 09:58:14,2026-02-27,09:00,1,203,0,0,0,
2026-02-27 09:58:19,2026-02-27,09:00,1,202,0,0,0,
2026-02-27 09:58:24,2026-02-27,09:00,1,220,0,0,0,
2026-02-27 09:58:30,2026-02-27,09:00,1,202,0,0,0,
2026-02-27 09:58:35,2026-02-27,09:00,1,207,0,0,0,
2026-02-27 09:58:40,2026-02-27,09:00,1,303,1,0,1,
2026-02-27 09:58:46,2026-02-27,09:00,1,210,0,0,1,
2026-02-27 09:58:51,2026-02-27,09:00,1,199,0,0,1,
2026-02-27 09:58:56,2026-02-27,09:00,1,207,0,0,1,
2026-02-27 09:59:01,2026-02-27,09:00,1,238,0,0,1,
2026-02-27 09:59:07,2026-02-27,09:00,1,203,0,0,1,
2026-02-27 09:59:12,2026-02-27,09:00,1,192,0,0,1,
2026-02-27 09:59:17,2026-02-27,09:00,1,196,0,0,1,
2026-02-27 09:59:22,2026-02-27,09:00,1,198,0,0,1,
2026-02-27 09:59:27,2026-02-27,09:00,1,209,0,0,1,
2026-02-27 09:59:33,2026-02-27,09:00,1,234,0,0,0,
2026-02-27 09:59:38,2026-02-27,09:00,1,201,0,0,0,
2026-02-27 09:59:43,2026-02-27,09:00,1,200,0,0,0,
2026-02-27 09:59:48,2026-02-27,09:00,1,234,0,0,0,
2026-02-27 09:59:54,2026-02-27,09:00,1,199,0,0,0,
2026-02-27 09:59:59,2026-02-27,09:00,1,212,0,0,0,
2026-02-27 10:00:04,2026-02-27,10:00,1,195,0,0,0,
2026-02-27 10:00:09,2026-02-27,10:00,1,201,0,0,0,
2026-02-27 10:00:15,2026-02-27,10:00,1,245,0,0,0,
2026-02-27 10:00:20,2026-02-27,10:00,1,206,0,0,0,
2026-02-27 10:00:25,2026-02-27,10:00,1,207,0,0,0,
2026-02-27 10:00:30,2026-02-27,10:00,1,200,0,0,0,
2026-02-27 10:00:36,2026-02-27,10:00,1,199,0,0,0,
2026-02-27 10:00:41,2026-02-27,10:00,1,208,0,0,0,
2026-02-27 10:00:46,2026-02-27,10:00,1,203,0,0,0,
2026-02-27 10:00:51,2026-02-27,10:00,1,288,0,0,0,
2026-02-27 10:00:57,2026-02-27,10:00,1,260,0,0,0,
2026-02-27 10:01:02,2026-02-27,10:00,1,198,0,0,0,
2026-02-27 10:01:07,2026-02-27,10:00,1,265,0,0,0,
2026-02-27 10:01:13,2026-02-27,10:00,1,218,0,0,0,
2026-02-27 10:01:18,2026-02-27,10:00,1,192,0,0,0,
2026-02-27 10:01:23,2026-02-27,10:00,1,242,0,0,0,
2026-02-27 10:01:28,2026-02-27,10:00,1,204,0,0,0,
2026-02-27 10:01:34,2026-02-27,10:00,1,203,0,0,0,
2026-02-27 10:01:39,2026-02-27,10:00,1,222,0,0,0,
2026-02-27 10:01:44,2026-02-27,10:00,1,225,0,0,0,
2026-02-27 10:01:49,2026-02-27,10:00,1,219,0,0,0,
2026-02-27 10:01:55,2026-02-27,10:00,1,198,0,0,0,
2026-02-27 10:02:00,2026-02-27,10:00,1,214,0,0,0,
2026-02-27 10:02:05,2026-02-27,10:00,1,206,0,0,0,
2026-02-27 10:02:10,2026-02-27,10:00,1,246,0,0,0,
2026-02-27 10:02:16,2026-02-27,10:00,1,231,0,0,0,
2026-02-27 10:02:21,2026-02-27,10:00,1,210,0,0,0,
2026-02-27 10:02:26,2026-02-27,10:00,1,275,0,0,0,
2026-02-27 10:02:31,2026-02-27,10:00,1,203,0,0,0,
2026-02-27 10:02:37,2026-02-27,10:00,1,200,0,0,0,
2026-02-27 10:02:42,2026-02-27,10:00,1,214,0,0,0,
2026-02-27 10:02:47,2026-02-27,10:00,1,341,1,0,1,
2026-02-27 10:02:53,2026-02-27,10:00,1,193,0,0,1,
2026-02-27 10:02:58,2026-02-27,10:00,1,209,0,0,1,
2026-02-27 10:03:03,2026-02-27,10:00,1,255,0,0,1,
2026-02-27 10:03:08,2026-02-27,10:00,1,208,0,0,1,
2026-02-27 10:03:14,2026-02-27,10:00,1,201,0,0,1,
2026-02-27 10:03:19,2026-02-27,10:00,1,271,0,0,1,
2026-02-27 10:03:24,2026-02-27,10:00,1,206,0,0,1,
2026-02-27 10:03:29,2026-02-27,10:00,1,198,0,0,1,
2026-02-27 10:03:35,2026-02-27,10:00,1,341,1,0,2,
2026-02-27 10:03:40,2026-02-27,10:00,1,273,0,0,1,
2026-02-27 10:03:45,2026-02-27,10:00,1,293,0,0,1,
2026-02-27 10:03:51,2026-02-27,10:00,1,286,0,0,1,
2026-02-27 10:03:56,2026-02-27,10:00,1,200,0,0,1,
2026-02-27 10:04:01,2026-02-27,10:00,1,216,0,0,1,
2026-02-27 10:04:06,2026-02-27,10:00,1,198,0,0,1,
2026-02-27 10:04:12,2026-02-27,10:00,1,215,0,0,1,
2026-02-27 10:04:17,2026-02-27,10:00,1,209,0,0,1,
2026-02-27 10:04:22,2026-02-27,10:00,1,223,0,0,1,
2026-02-27 10:04:27,2026-02-27,10:00,1,307,1,0,1,
2026-02-27 10:04:33,2026-02-27,10:00,1,269,0,0,1,
2026-02-27 10:04:38,2026-02-27,10:00,1,197,0,0,1,
2026-02-27 10:04:43,2026-02-27,10:00,1,219,0,0,1,
2026-02-27 10:04:48,2026-02-27,10:00,1,219,0,0,1,
2026-02-27 10:04:54,2026-02-27,10:00,1,219,0,0,1,
2026-02-27 10:04:59,2026-02-27,10:00,1,201,0,0,1,
2026-02-27 10:05:04,2026-02-27,10:00,1,324,1,0,2,
2026-02-27 10:05:10,2026-02-27,10:00,1,239,0,0,2,
2026-02-27 10:05:15,2026-02-27,10:00,1,515,1,0,3,
2026-02-27 10:05:20,2026-02-27,10:00,1,237,0,0,2,
2026-02-27 10:05:26,2026-02-27,10:00,1,230,0,0,2,
2026-02-27 10:05:31,2026-02-27,10:00,1,399,1,0,3,
2026-02-27 10:05:36,2026-02-27,10:00,1,209,0,0,3,
2026-02-27 10:05:42,2026-02-27,10:00,1,33,0,0,3,
2026-02-27 10:05:47,2026-02-27,10:00,1,33,0,0,3,
2026-02-27 10:05:52,2026-02-27,10:00,1,85,0,0,3,
2026-02-27 10:05:57,2026-02-27,10:00,1,44,0,0,2,
2026-02-27 10:06:02,2026-02-27,10:00,1,296,0,0,2,
2026-02-27 10:06:07,2026-02-27,10:00,1,40,0,0,1,
2026-02-27 10:06:12,2026-02-27,10:00,1,95,0,0,1,
2026-02-27 10:06:18,2026-02-27,10:00,1,77,0,0,1,
2026-02-27 10:06:23,2026-02-27,10:00,1,33,0,0,0,
2026-02-27 10:06:28,2026-02-27,10:00,1,26,0,0,0,
2026-02-27 10:06:33,2026-02-27,10:00,1,49,0,0,0,
2026-02-27 10:06:38,2026-02-27,10:00,1,36,0,0,0,
2026-02-27 10:06:43,2026-02-27,10:00,1,121,0,0,0,
2026-02-27 10:06:48,2026-02-27,10:00,1,71,0,0,0,
2026-02-27 10:06:53,2026-02-27,10:00,1,62,0,0,0,
2026-02-27 10:06:58,2026-02-27,10:00,1,54,0,0,0,
2026-02-27 10:07:03,2026-02-27,10:00,1,214,0,0,0,
2026-02-27 10:07:09,2026-02-27,10:00,1,204,0,0,0,
2026-02-27 10:07:14,2026-02-27,10:00,1,195,0,0,0,
2026-02-27 10:07:19,2026-02-27,10:00,1,203,0,0,0,
2026-02-27 10:07:24,2026-02-27,10:00,1,211,0,0,0,
2026-02-27 10:07:30,2026-02-27,10:00,1,199,0,0,0,
2026-02-27 10:07:35,2026-02-27,10:00,1,204,0,0,0,
2026-02-27 10:07:40,2026-02-27,10:00,1,201,0,0,0,
2026-02-27 10:07:45,2026-02-27,10:00,1,212,0,0,0,
2026-02-27 10:07:51,2026-02-27,10:00,1,285,0,0,0,
2026-02-27 10:07:56,2026-02-27,10:00,1,196,0,0,0,
2026-02-27 10:08:01,2026-02-27,10:00,1,260,0,0,0,
2026-02-27 10:08:07,2026-02-27,10:00,1,300,0,0,0,
2026-02-27 10:08:12,2026-02-27,10:00,1,256,0,0,0,
2026-02-27 10:08:17,2026-02-27,10:00,1,199,0,0,0,
2026-02-27 10:08:22,2026-02-27,10:00,1,197,0,0,0,
2026-02-27 10:08:28,2026-02-27,10:00,1,203,0,0,0,
2026-02-27 10:08:33,2026-02-27,10:00,1,205,0,0,0,
2026-02-27 10:08:38,2026-02-27,10:00,1,365,1,0,1,
2026-02-27 10:08:44,2026-02-27,10:00,0,,1,1,2,
2026-02-27 10:08:52,2026-02-27,10:00,0,,1,2,3,
2026-02-27 10:09:00,2026-02-27,10:00,0,,1,3,4,
2026-02-27 10:09:08,2026-02-27,10:00,1,308,1,0,5,
2026-02-27 10:09:15,2026-02-27,10:00,1,249,0,0,5,
2026-02-27 10:09:21,2026-02-27,10:00,1,199,0,0,5,
2026-02-27 10:09:26,2026-02-27,10:00,1,264,0,0,5,
2026-02-27 10:09:31,2026-02-27,10:00,1,2443,1,0,6,
2026-02-27 10:09:41,2026-02-27,10:00,1,377,1,0,7,latency
2026-02-27 10:09:54,2026-02-27,10:00,1,26,0,0,,
2026-02-27 10:09:59,2026-02-27,10:00,1,31,0,0,,
2026-02-27 10:10:04,2026-02-27,10:00,1,29,0,0,,
2026-02-27 10:10:09,2026-02-27,10:00,1,28,0,0,,
2026-02-27 10:10:14,2026-02-27,10:00,1,23,0,0,,
2026-02-27 10:10:19,2026-02-27,10:00,1,31,0,0,,
2026-02-27 10:10:24,2026-02-27,10:00,1,57,0,0,,
2026-02-27 10:10:29,2026-02-27,10:00,1,38,0,0,,
2026-02-27 10:10:34,2026-02-27,10:00,1,38,0,0,,
2026-02-27 10:10:39,2026-02-27,10:00,1,26,0,0,0,
2026-02-27 10:10:45,2026-02-27,10:00,1,39,0,0,0,
2026-02-27 10:10:50,2026-02-27,10:00,1,30,0,0,0,
2026-02-27 10:10:55,2026-02-27,10:00,1,42,0,0,0,
2026-02-27 10:11:00,2026-02-27,10:00,1,32,0,0,0,
2026-02-27 10:11:05,2026-02-27,10:00,1,29,0,0,0,
2026-02-27 10:11:10,2026-02-27,10:00,1,29,0,0,0,
2026-02-27 10:11:15,2026-02-27,10:00,1,46,0,0,0,
2026-02-27 10:11:20,2026-02-27,10:00,1,219,0,0,0,
2026-02-27 10:11:25,2026-02-27,10:00,1,432,1,0,1,
2026-02-27 10:11:31,2026-02-27,10:00,0,,1,1,2,
2026-02-27 10:11:38,2026-02-27,10:00,0,,1,2,3,
2026-02-27 10:11:43,2026-02-27,10:00,0,,1,3,4,
2026-02-27 10:11:48,2026-02-27,10:00,0,,1,0,,failures
2026-02-27 10:11:56,2026-02-27,10:00,1,32,0,0,,
2026-02-27 10:12:01,2026-02-27,10:00,1,25,0,0,,
2026-02-27 10:12:06,2026-02-27,10:00,1,27,0,0,,
2026-02-27 10:12:11,2026-02-27,10:00,1,24,0,0,,
2026-02-27 10:12:16,2026-02-27,10:00,1,23,0,0,,
2026-02-27 10:12:21,2026-02-27,10:00,1,40,0,0,,
2026-02-27 10:12:26,2026-02-27,10:00,1,52,0,0,,
2026-02-27 10:12:31,2026-02-27,10:00,1,30,0,0,,
2026-02-27 10:12:36,2026-02-27,10:00,1,28,0,0,,
2026-02-27 10:12:41,2026-02-27,10:00,1,31,0,0,0,
2026-02-27 10:12:46,2026-02-27,10:00,1,40,0,0,0,
2026-02-27 10:12:52,2026-02-27,10:00,1,31,0,0,0,
2026-02-27 10:12:57,2026-02-27,10:00,1,31,0,0,0,
2026-02-27 10:13:02,2026-02-27,10:00,1,25,0,0,0,
2026-02-27 10:13:07,2026-02-27,10:00,1,24,0,0,0,
2026-02-27 10:13:12,2026-02-27,10:00,1,25,0,0,0,
2026-02-27 10:13:17,2026-02-27,10:00,1,25,0,0,0,
2026-02-27 10:13:22,2026-02-27,10:00,1,25,0,0,0,
2026-02-27 10:13:27,2026-02-27,10:00,1,25,0,0,0,
2026-02-27 10:13:32,2026-02-27,10:00,1,25,0,0,0,
2026-02-27 10:13:37,2026-02-27,10:00,1,23,0,0,0,
2026-02-27 10:13:42,2026-02-27,10:00,1,621,1,0,1,
2026-02-27 10:13:48,2026-02-27,10:00,1,31,0,0,1,
2026-02-27 10:13:53,2026-02-27,10:00,1,31,0,0,1,
2026-02-27 10:13:58,2026-02-27,10:00,1,23,0,0,1,
2026-02-27 10:14:03,2026-02-27,10:00,1,36,0,0,1,
2026-02-27 10:14:08,2026-02-27,10:00,1,31,0,0,1,
2026-02-27 10:14:13,2026-02-27,10:00,1,22,0,0,1,
2026-02-27 10:14:18,2026-02-27,10:00,1,33,0,0,1,
2026-02-27 10:14:23,2026-02-27,10:00,1,1026,1,0,2,
2026-02-27 10:14:29,2026-02-27,10:00,1,26,0,0,2,
2026-02-27 10:14:34,2026-02-27,10:00,1,125,0,0,1,
2026-02-27 10:14:40,2026-02-27,10:00,1,120,0,0,1,
2026-02-27 10:14:45,2026-02-27,10:00,1,116,0,0,1,
2026-02-27 10:14:50,2026-02-27,10:00,1,117,0,0,1,
2026-02-27 10:14:55,2026-02-27,10:00,1,1242,1,0,2,
2026-02-27 10:15:01,2026-02-27,10:00,1,130,0,0,2,
2026-02-27 10:15:07,2026-02-27,10:00,1,119,0,0,2,
2026-02-27 10:15:12,2026-02-27,10:00,1,119,0,0,2,
2026-02-27 10:15:17,2026-02-27,10:00,1,120,0,0,1,
2026-02-27 10:15:22,2026-02-27,10:00,1,121,0,0,1,
2026-02-27 10:15:27,2026-02-27,10:00,1,115,0,0,1,
2026-02-27 10:15:32,2026-02-27,10:00,1,117,0,0,1,
2026-02-27 10:15:38,2026-02-27,10:00,1,116,0,0,1,
2026-02-27 10:15:43,2026-02-27,10:00,1,122,0,0,1,
2026-02-27 10:15:48,2026-02-27,10:00,1,134,0,0,0,
2026-02-27 10:15:53,2026-02-27,10:00,1,128,0,0,0,
2026-02-27 10:15:58,2026-02-27,10:00,1,119,0,0,0,
2026-02-27 10:16:03,2026-02-27,10:00,1,126,0,0,0,
2026-02-27 10:16:09,2026-02-27,10:00,1,29,0,0,0,
2026-02-27 10:16:14,2026-02-27,10:00,1,33,0,0,0,
2026-02-27 10:16:19,2026-02-27,10:00,1,28,0,0,0,
2026-02-27 10:16:24,2026-02-27,10:00,1,48,0,0,0,
2026-02-27 10:16:29,2026-02-27,10:00,1,237,0,0,0,
2026-02-27 10:16:34,2026-02-27,10:00,1,23,0,0,0,
2026-02-27 10:16:39,2026-02-27,10:00,1,27,0,0,0,
2026-02-27 10:16:44,2026-02-27,10:00,1,22,0,0,0,
2026-02-27 10:16:49,2026-02-27,10:00,1,1031,1,0,1,
2026-02-27 10:16:55,2026-02-27,10:00,1,24,0,0,1,
2026-02-27 10:17:00,2026-02-27,10:00,1,24,0,0,1,
2026-02-27 10:17:05,2026-02-27,10:00,1,29,0,0,1,
2026-02-27 10:17:11,2026-02-27,10:00,1,32,0,0,1,
2026-02-27 10:17:16,2026-02-27,10:00,1,28,0,0,1,
2026-02-27 10:17:21,2026-02-27,10:00,1,33,0,0,1,
2026-02-27 10:17:26,2026-02-27,10:00,1,30,0,0,1,
2026-02-27 10:17:31,2026-02-27,10:00,1,886,1,0,2,
2026-02-27 10:17:37,2026-02-27,10:00,1,39,0,0,2,
2026-02-27 10:17:42,2026-02-27,10:00,1,36,0,0,1,
2026-02-27 10:17:47,2026-02-27,10:00,1,22,0,0,1,
2026-02-27 10:17:52,2026-02-27,10:00,1,497,1,0,2,
2026-02-27 10:17:57,2026-02-27,10:00,1,554,1,0,3,
2026-02-27 10:18:03,2026-02-27,10:00,1,25,0,0,3,
2026-02-27 10:18:08,2026-02-27,10:00,1,38,0,0,3,
2026-02-27 10:18:13,2026-02-27,10:00,1,35,0,0,3,
2026-02-27 10:18:18,2026-02-27,10:00,1,23,0,0,3,
2026-02-27 10:18:23,2026-02-27,10:00,1,27,0,0,2,
2026-02-27 10:18:28,2026-02-27,10:00,1,34,0,0,2,
2026-02-27 10:18:33,2026-02-27,10:00,1,31,0,0,2,
2026-02-27 10:18:38,2026-02-27,10:00,1,34,0,0,2,
2026-02-27 10:18:44,2026-02-27,10:00,1,29,0,0,1,
2026-02-27 10:18:49,2026-02-27,10:00,1,28,0,0,0,
2026-02-27 10:18:54,2026-02-27,10:00,1,25,0,0,0,
2026-02-27 10:18:59,2026-02-27,10:00,1,28,0,0,0,
2026-02-27 10:19:04,2026-02-27,10:00,1,25,0,0,0,
2026-02-27 10:19:09,2026-02-27,10:00,1,26,0,0,0,
2026-02-27 10:19:14,2026-02-27,10:00,1,37,0,0,0,
2026-02-27 10:19:19,2026-02-27,10:00,1,28,0,0,0,
2026-02-27 10:19:24,2026-02-27,10:00,1,26,0,0,0,
2026-02-27 10:19:29,2026-02-27,10:00,1,117,0,0,0,
2026-02-27 10:19:34,2026-02-27,10:00,1,117,0,0,0,
2026-02-27 10:19:40,2026-02-27,10:00,1,121,0,0,0,
2026-02-27 10:19:45,2026-02-27,10:00,1,121,0,0,0,
2026-02-27 10:19:50,2026-02-27,10:00,1,116,0,0,0,
2026-02-27 10:19:55,2026-02-27,10:00,1,117,0,0,0,
2026-02-27 10:20:00,2026-02-27,10:00,1,118,0,0,0,
2026-02-27 10:20:05,2026-02-27,10:00,1,124,0,0,0,
2026-02-27 10:20:10,2026-02-27,10:00,1,130,0,0,0,
2026-02-27 10:20:16,2026-02-27,10:00,1,120,0,0,0,
2026-02-27 10:20:21,2026-02-27,10:00,1,118,0,0,0,
2026-02-27 10:20:26,2026-02-27,10:00,1,116,0,0,0,
2026-02-27 10:20:31,2026-02-27,10:00,1,116,0,0,0,
2026-02-27 10:20:36,2026-02-27,10:00,1,120,0,0,0,
2026-02-27 10:20:41,2026-02-27,10:00,1,133,0,0,0,
2026-02-27 10:20:47,2026-02-27,10:00,1,125,0,0,0,
2026-02-27 10:20:52,2026-02-27,10:00,1,117,0,0,0,
2026-02-27 10:20:57,2026-02-27,10:00,1,115,0,0,0,
2026-02-27 10:21:02,2026-02-27,10:00,1,530,1,0,1,
2026-02-27 10:21:08,2026-02-27,10:00,1,26,0,0,1,
2026-02-27 10:21:13,2026-02-27,10:00,1,27,0,0,1,
2026-02-27 10:21:18,2026-02-27,10:00,1,26,0,0,1,
2026-02-27 10:21:23,2026-02-27,10:00,1,39,0,0,1,
2026-02-27 10:21:28,2026-02-27,10:00,1,44,0,0,1,
2026-02-27 10:21:33,2026-02-27,10:00,1,35,0,0,1,
2026-02-27 10:21:38,2026-02-27,10:00,1,28,0,0,1,
2026-02-27 10:21:43,2026-02-27,10:00,1,28,0,0,1,
2026-02-27 10:21:48,2026-02-27,10:00,1,26,0,0,1,
2026-02-27 10:21:53,2026-02-27,10:00,0,,1,1,1,
2026-02-27 10:22:01,2026-02-27,10:00,0,,1,2,2,
2026-02-27 10:22:09,2026-02-27,10:00,0,,1,3,3,
2026-02-27 10:22:14,2026-02-27,10:00,1,516,1,0,4,
2026-02-27 10:22:19,2026-02-27,10:00,1,210,0,0,4,
2026-02-27 10:22:25,2026-02-27,10:00,1,246,0,0,4,
2026-02-27 10:22:30,2026-02-27,10:00,1,246,0,0,4,
2026-02-27 10:22:35,2026-02-27,10:00,1,271,0,0,4,
2026-02-27 10:22:41,2026-02-27,10:00,1,217,0,0,4,
2026-02-27 10:22:46,2026-02-27,10:00,1,229,0,0,4,
2026-02-27 10:22:51,2026-02-27,10:00,1,206,0,0,3,
2026-02-27 10:22:56,2026-02-27,10:00,1,208,0,0,2,
2026-02-27 10:23:02,2026-02-27,10:00,1,253,0,0,1,
2026-02-27 10:23:07,2026-02-27,10:00,1,206,0,0,0,
2026-02-27 10:23:12,2026-02-27,10:00,1,232,0,0,0,
2026-02-27 10:23:17,2026-02-27,10:00,1,213,0,0,0,
2026-02-27 10:23:23,2026-02-27,10:00,1,205,0,0,0,
2026-02-27 10:23:28,2026-02-27,10:00,1,272,0,0,0,
2026-02-27 10:23:33,2026-02-27,10:00,1,205,0,0,0,
2026-02-27 10:23:38,2026-02-27,10:00,1,203,0,0,0,
2026-02-27 10:23:44,2026-02-27,10:00,1,213,0,0,0,
2026-02-27 10:23:49,2026-02-27,10:00,1,220,0,0,0,
2026-02-27 10:23:54,2026-02-27,10:00,1,198,0,0,0,
2026-02-27 10:23:59,2026-02-27,10:00,1,206,0,0,0,
2026-02-27 10:24:05,2026-02-27,10:00,1,325,1,0,1,
2026-02-27 10:24:10,2026-02-27,10:00,1,232,0,0,1,
2026-02-27 10:24:15,2026-02-27,10:00,1,203,0,0,1,
2026-02-27 10:24:21,2026-02-27,10:00,1,200,0,0,1,
2026-02-27 10:24:26,2026-02-27,10:00,1,203,0,0,1,
2026-02-27 10:24:31,2026-02-27,10:00,1,209,0,0,1,
2026-02-27 10:24:36,2026-02-27,10:00,1,214,0,0,1,
2026-02-27 10:24:42,2026-02-27,10:00,1,210,0,0,1,
2026-02-27 10:24:47,2026-02-27,10:00,1,204,0,0,1,
2026-02-27 10:24:52,2026-02-27,10:00,1,200,0,0,1,
2026-02-27 10:24:57,2026-02-27,10:00,1,211,0,0,0,
2026-02-27 10:25:03,2026-02-27,10:00,1,212,0,0,0,
2026-02-27 10:25:08,2026-02-27,10:00,1,220,0,0,0,
2026-02-27 10:25:13,2026-02-27,10:00,1,213,0,0,0,
2026-02-27 10:25:18,2026-02-27,10:00,1,382,1,0,1,
2026-02-27 10:25:24,2026-02-27,10:00,1,207,0,0,1,
2026-02-27 10:25:29,2026-02-27,10:00,1,205,0,0,1,
2026-02-27 10:25:34,2026-02-27,10:00,1,202,0,0,1,
2026-02-27 10:25:39,2026-02-27,10:00,1,290,0,0,1,
2026-02-27 10:25:45,2026-02-27,10:00,1,203,0,0,1,
2026-02-27 10:25:50,2026-02-27,10:00,1,271,0,0,1,
2026-02-27 10:25:55,2026-02-27,10:00,1,201,0,0,1,
2026-02-27 10:26:01,2026-02-27,10:00,1,269,0,0,1,
2026-02-27 10:26:06,2026-02-27,10:00,1,202,0,0,1,
2026-02-27 10:26:11,2026-02-27,10:00,1,250,0,0,0,
2026-02-27 10:26:16,2026-02-27,10:00,1,305,1,0,1,
2026-02-27 10:26:22,2026-02-27,10:00,1,218,0,0,1,
2026-02-27 10:26:27,2026-02-27,10:00,1,212,0,0,1,
2026-02-27 10:26:32,2026-02-27,10:00,1,234,0,0,1,
2026-02-27 10:26:38,2026-02-27,10:00,1,243,0,0,1,
2026-02-27 10:26:43,2026-02-27,10:00,1,210,0,0,1,
2026-02-27 10:26:48,2026-02-27,10:00,1,231,0,0,1,
2026-02-27 10:26:53,2026-02-27,10:00,1,266,0,0,1,
2026-02-27 10:26:59,2026-02-27,10:00,1,244,0,0,1,
2026-02-27 10:27:04,2026-02-27,10:00,1,340,1,0,2,
2026-02-27 10:27:09,2026-02-27,10:00,1,387,1,0,2,
2026-02-27 10:27:15,2026-02-27,10:00,1,215,0,0,2,
2026-02-27 10:27:20,2026-02-27,10:00,1,215,0,0,2,
2026-02-27 10:27:25,2026-02-27,10:00,1,213,0,0,2,
2026-02-27 10:27:30,2026-02-27,10:00,1,275,0,0,2,
2026-02-27 10:27:36,2026-02-27,10:00,1,222,0,0,2,
2026-02-27 10:27:41,2026-02-27,10:00,1,248,0,0,2,
2026-02-27 10:27:46,2026-02-27,10:00,1,200,0,0,2,
2026-02-27 10:27:52,2026-02-27,10:00,1,203,0,0,2,
2026-02-27 10:27:57,2026-02-27,10:00,1,208,0,0,1,
2026-02-27 10:28:02,2026-02-27,10:00,1,250,0,0,0,
2026-02-27 10:28:07,2026-02-27,10:00,1,213,0,0,0,
2026-02-27 10:28:13,2026-02-27,10:00,1,229,0,0,0,
2026-02-27 10:28:18,2026-02-27,10:00,1,252,0,0,0,
2026-02-27 10:28:23,2026-02-27,10:00,1,217,0,0,0,
2026-02-27 10:28:28,2026-02-27,10:00,1,267,0,0,0,
2026-02-27 10:28:34,2026-02-27,10:00,1,222,0,0,0,
2026-02-27 10:28:39,2026-02-27,10:00,1,210,0,0,0,
2026-02-27 10:28:44,2026-02-27,10:00,1,210,0,0,0,
2026-02-27 10:28:49,2026-02-27,10:00,1,210,0,0,0,
2026-02-27 10:28:55,2026-02-27,10:00,1,220,0,0,0,
2026-02-27 10:29:00,2026-02-27,10:00,1,195,0,0,0,
2026-02-27 10:29:05,2026-02-27,10:00,1,199,0,0,0,
2026-02-27 10:29:10,2026-02-27,10:00,1,258,0,0,0,
2026-02-27 10:29:16,2026-02-27,10:00,1,210,0,0,0,
2026-02-27 10:29:21,2026-02-27,10:00,1,216,0,0,0,
2026-02-27 10:29:26,2026-02-27,10:00,1,208,0,0,0,
2026-02-27 10:29:31,2026-02-27,10:00,1,203,0,0,0,
2026-02-27 10:29:37,2026-02-27,10:00,1,238,0,0,0,
2026-02-27 10:29:42,2026-02-27,10:00,1,205,0,0,0,
2026-02-27 10:29:47,2026-02-27,10:00,1,852,1,0,1,
2026-02-27 10:29:53,2026-02-27,10:00,1,275,0,0,1,
2026-02-27 10:29:58,2026-02-27,10:00,0,,1,1,2,
2026-02-27 10:30:06,2026-02-27,10:00,1,238,0,0,2,
2026-02-27 10:30:12,2026-02-27,10:00,1,309,1,0,3,
2026-02-27 10:30:18,2026-02-27,10:00,1,498,1,0,4,
2026-02-27 10:30:23,2026-02-27,10:00,1,212,0,0,4,
2026-02-27 10:30:29,2026-02-27,10:00,1,202,0,0,4,
2026-02-27 10:30:34,2026-02-27,10:00,1,321,1,0,5,
2026-02-27 10:30:39,2026-02-27,10:00,1,235,0,0,5,
2026-02-27 10:30:44,2026-02-27,10:00,1,198,0,0,4,
2026-02-27 10:30:50,2026-02-27,10:00,1,233,0,0,4,
2026-02-27 10:30:55,2026-02-27,10:00,1,205,0,0,3,
2026-02-27 10:31:00,2026-02-27,10:00,1,223,0,0,3,
2026-02-27 10:31:05,2026-02-27,10:00,1,225,0,0,2,
2026-02-27 10:31:11,2026-02-27,10:00,1,199,0,0,1,
2026-02-27 10:31:16,2026-02-27,10:00,1,204,0,0,1,
2026-02-27 10:31:21,2026-02-27,10:00,1,203,0,0,1,
2026-02-27 10:31:26,2026-02-27,10:00,1,289,0,0,0,
2026-02-27 10:31:32,2026-02-27,10:00,1,195,0,0,0,
2026-02-27 10:31:37,2026-02-27,10:00,1,203,0,0,0,
2026-02-27 10:31:42,2026-02-27,10:00,1,204,0,0,0,
2026-02-27 10:31:47,2026-02-27,10:00,1,206,0,0,0,
2026-02-27 10:31:53,2026-02-27,10:00,1,204,0,0,0,
2026-02-27 10:31:58,2026-02-27,10:00,1,231,0,0,0,
2026-02-27 10:32:03,2026-02-27,10:00,1,233,0,0,0,
2026-02-27 10:32:08,2026-02-27,10:00,1,215,0,0,0,
2026-02-27 10:32:14,2026-02-27,10:00,1,266,0,0,0,
2026-02-27 10:32:19,2026-02-27,10:00,1,218,0,0,0,
2026-02-27 10:32:24,2026-02-27,10:00,1,198,0,0,0,
2026-02-27 10:32:29,2026-02-27,10:00,1,213,0,0,0,
2026-02-27 10:32:35,2026-02-27,10:00,1,211,0,0,0,
2026-02-27 10:32:40,2026-02-27,10:00,1,214,0,0,0,
2026-02-27 10:32:45,2026-02-27,10:00,1,225,0,0,0,
2026-02-27 10:32:51,2026-02-27,10:00,1,204,0,0,0,
2026-02-27 10:32:56,2026-02-27,10:00,1,206,0,0,0,
2026-02-27 10:33:01,2026-02-27,10:00,1,385,1,0,1,
2026-02-27 10:33:06,2026-02-27,10:00,1,211,0,0,1,
2026-02-27 10:33:12,2026-02-27,10:00,1,281,0,0,1,
2026-02-27 10:33:17,2026-02-27,10:00,1,213,0,0,1,
2026-02-27 10:33:22,2026-02-27,10:00,1,196,0,0,1,
2026-02-27 10:33:27,2026-02-27,10:00,1,204,0,0,1,
2026-02-27 10:33:33,2026-02-27,10:00,1,205,0,0,1,
2026-02-27 10:33:38,2026-02-27,10:00,1,242,0,0,1,
2026-02-27 10:33:43,2026-02-27,10:00,1,204,0,0,1,
2026-02-27 10:33:49,2026-02-27,10:00,1,199,0,0,1,
2026-02-27 10:33:54,2026-02-27,10:00,1,215,0,0,0,
2026-02-27 10:33:59,2026-02-27,10:00,1,193,0,0,0,
2026-02-27 10:34:04,2026-02-27,10:00,1,199,0,0,0,
2026-02-27 10:34:09,2026-02-27,10:00,1,210,0,0,0,
2026-02-27 10:34:15,2026-02-27,10:00,1,200,0,0,0,
2026-02-27 10:34:20,2026-02-27,10:00,1,350,1,0,1,
2026-02-27 10:34:25,2026-02-27,10:00,1,201,0,0,1,
2026-02-27 10:34:31,2026-02-27,10:00,1,172,0,0,1,
2026-02-27 10:34:36,2026-02-27,10:00,1,125,0,0,1,
2026-02-27 10:34:41,2026-02-27,10:00,1,197,0,0,1,
2026-02-27 10:34:46,2026-02-27,10:00,1,179,0,0,1,
2026-02-27 10:34:51,2026-02-27,10:00,1,114,0,0,1,
2026-02-27 10:34:57,2026-02-27,10:00,1,204,0,0,1,
2026-02-27 10:35:02,2026-02-27,10:00,1,414,1,0,2,
2026-02-27 10:35:07,2026-02-27,10:00,1,140,0,0,2,
2026-02-27 10:35:12,2026-02-27,10:00,1,136,0,0,1,
2026-02-27 10:35:18,2026-02-27,10:00,1,118,0,0,1,
2026-02-27 10:35:23,2026-02-27,10:00,1,181,0,0,1,
2026-02-27 10:35:28,2026-02-27,10:00,1,125,0,0,1,
2026-02-27 10:35:33,2026-02-27,10:00,1,128,0,0,1,
2026-02-27 10:35:38,2026-02-27,10:00,1,142,0,0,1,
2026-02-27 10:35:43,2026-02-27,10:00,1,164,0,0,1,
2026-02-27 10:35:49,2026-02-27,10:00,1,119,0,0,1,
2026-02-27 10:35:54,2026-02-27,10:00,1,118,0,0,0,
2026-02-27 10:35:59,2026-02-27,10:00,1,128,0,0,0,
2026-02-27 10:36:04,2026-02-27,10:00,1,171,0,0,0,
2026-02-27 10:36:09,2026-02-27,10:00,1,133,0,0,0,
2026-02-27 10:36:15,2026-02-27,10:00,1,133,0,0,0,
2026-02-27 10:36:20,2026-02-27,10:00,1,223,0,0,0,
2026-02-27 10:36:25,2026-02-27,10:00,1,128,0,0,0,
2026-02-27 10:36:30,2026-02-27,10:00,1,154,0,0,0,
2026-02-27 10:36:35,2026-02-27,10:00,1,145,0,0,0,
2026-02-27 10:36:41,2026-02-27,10:00,1,121,0,0,0,
2026-02-27 10:36:46,2026-02-27,10:00,1,126,0,0,0,
2026-02-27 10:36:51,2026-02-27,10:00,1,125,0,0,0,
2026-02-27 10:36:56,2026-02-27,10:00,0,,1,1,1,
2026-02-27 10:37:04,2026-02-27,10:00,1,124,0,0,1,
2026-02-27 10:37:09,2026-02-27,10:00,1,166,0,0,1,
2026-02-27 10:37:14,2026-02-27,10:00,1,161,0,0,1,
2026-02-27 10:37:19,2026-02-27,10:00,1,118,0,0,1,
2026-02-27 10:37:25,2026-02-27,10:00,1,152,0,0,1,
2026-02-27 10:37:30,2026-02-27,10:00,1,130,0,0,1,
2026-02-27 10:37:35,2026-02-27,10:00,1,206,0,0,1,
2026-02-27 10:37:40,2026-02-27,10:00,1,157,0,0,1,
2026-02-27 10:37:45,2026-02-27,10:00,1,166,0,0,1,
2026-02-27 10:37:51,2026-02-27,10:00,1,115,0,0,0,
2026-02-27 10:37:56,2026-02-27,10:00,1,166,0,0,0,
2026-02-27 10:38:01,2026-02-27,10:00,1,138,0,0,0,
2026-02-27 10:38:06,2026-02-27,10:00,1,121,0,0,0,
2026-02-27 10:38:11,2026-02-27,10:00,1,123,0,0,0,
2026-02-27 10:38:16,2026-02-27,10:00,1,116,0,0,0,
2026-02-27 10:38:22,2026-02-27,10:00,1,110,0,0,0,
2026-02-27 10:38:27,2026-02-27,10:00,1,126,0,0,0,
2026-02-27 10:38:32,2026-02-27,10:00,1,171,0,0,0,
2026-02-27 10:38:37,2026-02-27,10:00,1,116,0,0,0,
2026-02-27 10:38:42,2026-02-27,10:00,1,119,0,0,0,
2026-02-27 10:38:47,2026-02-27,10:00,1,123,0,0,0,
2026-02-27 10:38:53,2026-02-27,10:00,1,182,0,0,0,
2026-02-27 10:38:58,2026-02-27,10:00,1,130,0,0,0,
2026-02-27 10:39:03,2026-02-27,10:00,1,154,0,0,0,
2026-02-27 10:39:08,2026-02-27,10:00,1,195,0,0,0,
2026-02-27 10:39:13,2026-02-27,10:00,1,135,0,0,0,
2026-02-27 10:39:19,2026-02-27,10:00,1,272,0,0,0,
2026-02-27 10:39:24,2026-02-27,10:00,1,135,0,0,0,
2026-02-27 10:39:29,2026-02-27,10:00,1,147,0,0,0,
2026-02-27 10:39:34,2026-02-27,10:00,1,129,0,0,0,
2026-02-27 10:39:40,2026-02-27,10:00,1,115,0,0,0,
2026-02-27 10:39:45,2026-02-27,10:00,1,120,0,0,0,
2026-02-27 10:39:50,2026-02-27,10:00,1,127,0,0,0,
2026-02-27 10:39:55,2026-02-27,10:00,1,142,0,0,0,
2026-02-27 10:40:00,2026-02-27,10:00,1,152,0,0,0,
2026-02-27 10:40:05,2026-02-27,10:00,1,120,0,0,0,
2026-02-27 10:40:11,2026-02-27,10:00,1,204,0,0,0,
2026-02-27 10:40:16,2026-02-27,10:00,1,150,0,0,0,
2026-02-27 10:40:21,2026-02-27,10:00,1,166,0,0,0,
2026-02-27 10:40:26,2026-02-27,10:00,1,126,0,0,0,
2026-02-27 10:40:31,2026-02-27,10:00,1,119,0,0,0,
2026-02-27 10:40:37,2026-02-27,10:00,1,118,0,0,0,
2026-02-27 10:40:42,2026-02-27,10:00,1,202,0,0,0,
2026-02-27 10:40:47,2026-02-27,10:00,1,203,0,0,0,
2026-02-27 10:40:52,2026-02-27,10:00,1,207,0,0,0,
2026-02-27 10:40:57,2026-02-27,10:00,1,209,0,0,0,
2026-02-27 10:41:03,2026-02-27,10:00,1,252,0,0,0,
2026-02-27 10:41:08,2026-02-27,10:00,1,208,0,0,0,
2026-02-27 10:41:13,2026-02-27,10:00,1,136,0,0,0,
2026-02-27 10:41:18,2026-02-27,10:00,1,214,0,0,0,
2026-02-27 10:41:24,2026-02-27,10:00,1,259,0,0,0,
2026-02-27 10:41:29,2026-02-27,10:00,1,247,0,0,0,
2026-02-27 10:41:34,2026-02-27,10:00,1,202,0,0,0,
2026-02-27 10:41:39,2026-02-27,10:00,1,249,0,0,0,
2026-02-27 10:41:45,2026-02-27,10:00,1,221,0,0,0,
2026-02-27 10:41:50,2026-02-27,10:00,1,207,0,0,0,
2026-02-27 10:41:55,2026-02-27,10:00,1,199,0,0,0,
2026-02-27 10:42:00,2026-02-27,10:00,1,231,0,0,0,
2026-02-27 10:42:06,2026-02-27,10:00,1,260,0,0,0,
2026-02-27 10:42:11,2026-02-27,10:00,1,203,0,0,0,
2026-02-27 10:42:16,2026-02-27,10:00,1,212,0,0,0,
2026-02-27 10:42:22,2026-02-27,10:00,1,195,0,0,0,
2026-02-27 10:42:27,2026-02-27,10:00,1,231,0,0,0,
2026-02-27 10:42:32,2026-02-27,10:00,1,199,0,0,0,
2026-02-27 10:42:38,2026-02-27,10:00,1,202,0,0,0,
2026-02-27 10:42:43,2026-02-27,10:00,1,329,1,0,1,
2026-02-27 10:42:49,2026-02-27,10:00,1,217,0,0,1,
2026-02-27 10:42:54,2026-02-27,10:00,1,316,1,0,2,
2026-02-27 10:42:59,2026-02-27,10:00,1,201,0,0,2,
2026-02-27 10:43:05,2026-02-27,10:00,1,219,0,0,2,
2026-02-27 10:43:10,2026-02-27,10:00,1,195,0,0,2,
2026-02-27 10:43:15,2026-02-27,10:00,1,211,0,0,2,
2026-02-27 10:43:20,2026-02-27,10:00,1,209,0,0,2,
2026-02-27 10:43:26,2026-02-27,10:00,1,207,0,0,2,
2026-02-27 10:43:31,2026-02-27,10:00,1,291,0,0,2,
2026-02-27 10:43:36,2026-02-27,10:00,1,219,0,0,1,
2026-02-27 10:43:41,2026-02-27,10:00,1,197,0,0,1,
2026-02-27 10:43:47,2026-02-27,10:00,1,207,0,0,0,
2026-02-27 10:43:52,2026-02-27,10:00,1,214,0,0,0,
2026-02-27 10:43:57,2026-02-27,10:00,1,197,0,0,0,
2026-02-27 10:44:02,2026-02-27,10:00,1,205,0,0,0,
2026-02-27 10:44:08,2026-02-27,10:00,1,199,0,0,0,
2026-02-27 10:44:13,2026-02-27,10:00,1,213,0,0,0,
2026-02-27 10:44:18,2026-02-27,10:00,1,202,0,0,0,
2026-02-27 10:44:23,2026-02-27,10:00,1,255,0,0,0,
2026-02-27 10:44:29,2026-02-27,10:00,1,176,0,0,0,
2026-02-27 10:44:34,2026-02-27,10:00,1,117,0,0,0,
2026-02-27 10:44:39,2026-02-27,10:00,1,124,0,0,0,
2026-02-27 10:44:44,2026-02-27,10:00,1,134,0,0,0,
2026-02-27 10:44:49,2026-02-27,10:00,1,124,0,0,0,
2026-02-27 10:44:54,2026-02-27,10:00,1,250,0,0,0,
2026-02-27 10:45:00,2026-02-27,10:00,1,131,0,0,0,
2026-02-27 10:45:05,2026-02-27,10:00,1,125,0,0,0,
2026-02-27 10:45:10,2026-02-27,10:00,1,156,0,0,0,
2026-02-27 10:45:15,2026-02-27,10:00,1,202,0,0,0,
2026-02-27 10:45:21,2026-02-27,10:00,1,127,0,0,0,
2026-02-27 10:45:26,2026-02-27,10:00,1,210,0,0,0,
2026-02-27 10:45:31,2026-02-27,10:00,1,127,0,0,0,
2026-02-27 10:45:36,2026-02-27,10:00,1,122,0,0,0,
2026-02-27 10:45:41,2026-02-27,10:00,1,120,0,0,0,
2026-02-27 10:45:46,2026-02-27,10:00,1,123,0,0,0,
2026-02-27 10:45:52,2026-02-27,10:00,1,126,0,0,0,
2026-02-27 10:45:57,2026-02-27,10:00,1,144,0,0,0,
2026-02-27 10:46:02,2026-02-27,10:00,1,161,0,0,0,
2026-02-27 10:46:07,2026-02-27,10:00,1,173,0,0,0,
2026-02-27 10:46:12,2026-02-27,10:00,1,214,0,0,0,
2026-02-27 10:46:18,2026-02-27,10:00,1,211,0,0,0,
2026-02-27 10:46:23,2026-02-27,10:00,1,233,0,0,0,
2026-02-27 10:46:28,2026-02-27,10:00,1,215,0,0,0,
2026-02-27 10:46:33,2026-02-27,10:00,1,268,0,0,0,
2026-02-27 10:46:39,2026-02-27,10:00,1,496,1,0,1,
2026-02-27 10:46:44,2026-02-27,10:00,1,288,0,0,1,
2026-02-27 10:46:50,2026-02-27,10:00,1,218,0,0,1,
2026-02-27 10:46:55,2026-02-27,10:00,1,216,0,0,1,
2026-02-27 10:47:00,2026-02-27,10:00,1,201,0,0,1,
2026-02-27 10:47:05,2026-02-27,10:00,1,239,0,0,1,
2026-02-27 10:47:11,2026-02-27,10:00,1,237,0,0,1,
2026-02-27 10:47:16,2026-02-27,10:00,1,222,0,0,1,
2026-02-27 10:47:21,2026-02-27,10:00,1,219,0,0,1,
2026-02-27 10:47:26,2026-02-27,10:00,1,484,1,0,2,
2026-02-27 10:47:32,2026-02-27,10:00,1,193,0,0,1,
2026-02-27 10:47:37,2026-02-27,10:00,1,201,0,0,1,
2026-02-27 10:47:42,2026-02-27,10:00,1,220,0,0,1,
2026-02-27 10:47:48,2026-02-27,10:00,1,270,0,0,1,
2026-02-27 10:47:53,2026-02-27,10:00,1,226,0,0,1,
2026-02-27 10:47:58,2026-02-27,10:00,1,207,0,0,1,
2026-02-27 10:48:03,2026-02-27,10:00,1,209,0,0,1,
2026-02-27 10:48:09,2026-02-27,10:00,1,208,0,0,1,
2026-02-27 10:48:14,2026-02-27,10:00,1,202,0,0,1,
2026-02-27 10:48:19,2026-02-27,10:00,1,509,1,0,1,
2026-02-27 10:48:25,2026-02-27,10:00,1,209,0,0,1,
2026-02-27 10:48:30,2026-02-27,10:00,1,209,0,0,1,
2026-02-27 10:48:35,2026-02-27,10:00,1,207,0,0,1,
2026-02-27 10:48:40,2026-02-27,10:00,1,197,0,0,1,
2026-02-27 10:48:46,2026-02-27,10:00,1,222,0,0,1,
2026-02-27 10:48:51,2026-02-27,10:00,1,298,0,0,1,
2026-02-27 10:48:56,2026-02-27,10:00,1,238,0,0,1,
2026-02-27 10:49:01,2026-02-27,10:00,1,201,0,0,1,
2026-02-27 10:49:07,2026-02-27,10:00,1,224,0,0,1,
2026-02-27 10:49:12,2026-02-27,10:00,1,227,0,0,0,
2026-02-27 10:49:17,2026-02-27,10:00,1,283,0,0,0,
2026-02-27 10:49:22,2026-02-27,10:00,1,240,0,0,0,
2026-02-27 10:49:28,2026-02-27,10:00,1,208,0,0,0,
2026-02-27 10:49:33,2026-02-27,10:00,1,232,0,0,0,
2026-02-27 10:49:38,2026-02-27,10:00,1,121,0,0,0,
2026-02-27 10:49:43,2026-02-27,10:00,1,154,0,0,0,
2026-02-27 10:49:49,2026-02-27,10:00,1,130,0,0,0,
2026-02-27 10:49:54,2026-02-27,10:00,1,170,0,0,0,
2026-02-27 10:49:59,2026-02-27,10:00,1,116,0,0,0,
2026-02-27 10:50:04,2026-02-27,10:00,1,229,0,0,0,
2026-02-27 10:50:09,2026-02-27,10:00,1,139,0,0,0,
2026-02-27 10:50:15,2026-02-27,10:00,1,120,0,0,0,
2026-02-27 10:50:20,2026-02-27,10:00,1,127,0,0,0,
2026-02-27 10:50:25,2026-02-27,10:00,1,118,0,0,0,
2026-02-27 10:50:30,2026-02-27,10:00,1,265,0,0,0,
2026-02-27 10:50:35,2026-02-27,10:00,1,142,0,0,0,
2026-02-27 10:50:40,2026-02-27,10:00,1,221,0,0,0,
2026-02-27 10:50:46,2026-02-27,10:00,1,252,0,0,0,
2026-02-27 10:50:51,2026-02-27,10:00,1,117,0,0,0,
2026-02-27 10:50:56,2026-02-27,10:00,1,124,0,0,0,
2026-02-27 10:51:01,2026-02-27,10:00,1,131,0,0,0,
2026-02-27 10:51:06,2026-02-27,10:00,1,119,0,0,0,
2026-02-27 10:51:12,2026-02-27,10:00,1,186,0,0,0,
2026-02-27 10:51:17,2026-02-27,10:00,1,154,0,0,0,
2026-02-27 10:51:22,2026-02-27,10:00,1,193,0,0,0,
2026-02-27 10:51:27,2026-02-27,10:00,1,124,0,0,0,
2026-02-27 10:51:32,2026-02-27,10:00,1,204,0,0,0,
2026-02-27 10:51:38,2026-02-27,10:00,1,158,0,0,0,
2026-02-27 10:51:43,2026-02-27,10:00,1,119,0,0,0,
2026-02-27 10:51:48,2026-02-27,10:00,1,126,0,0,0,
2026-02-27 10:51:53,2026-02-27,10:00,1,118,0,0,0,
2026-02-27 10:51:58,2026-02-27,10:00,1,130,0,0,0,
2026-02-27 10:52:04,2026-02-27,10:00,1,125,0,0,0,
2026-02-27 10:52:09,2026-02-27,10:00,1,319,1,0,1,
2026-02-27 10:52:14,2026-02-27,10:00,1,117,0,0,1,
2026-02-27 10:52:19,2026-02-27,10:00,1,150,0,0,1,
2026-02-27 10:52:24,2026-02-27,10:00,1,126,0,0,1,
2026-02-27 10:52:30,2026-02-27,10:00,1,125,0,0,1,
2026-02-27 10:52:35,2026-02-27,10:00,1,125,0,0,1,
2026-02-27 10:52:40,2026-02-27,10:00,1,127,0,0,1,
2026-02-27 10:52:45,2026-02-27,10:00,1,131,0,0,1,
2026-02-27 10:52:50,2026-02-27,10:00,1,322,1,0,2,
2026-02-27 10:52:56,2026-02-27,10:00,1,282,0,0,2,
2026-02-27 10:53:01,2026-02-27,10:00,1,132,0,0,1,
2026-02-27 10:53:06,2026-02-27,10:00,1,125,0,0,1,
2026-02-27 10:53:11,2026-02-27,10:00,1,195,0,0,1,
2026-02-27 10:53:16,2026-02-27,10:00,1,159,0,0,1,
2026-02-27 10:53:22,2026-02-27,10:00,1,137,0,0,1,
2026-02-27 10:53:27,2026-02-27,10:00,1,156,0,0,1,
2026-02-27 10:53:32,2026-02-27,10:00,1,127,0,0,1,
2026-02-27 10:53:37,2026-02-27,10:00,1,123,0,0,1,
2026-02-27 10:53:42,2026-02-27,10:00,1,121,0,0,0,
2026-02-27 10:53:47,2026-02-27,10:00,1,121,0,0,0,
2026-02-27 10:53:53,2026-02-27,10:00,1,120,0,0,0,
2026-02-27 10:53:58,2026-02-27,10:00,1,119,0,0,0,
2026-02-27 10:54:03,2026-02-27,10:00,1,130,0,0,0,
2026-02-27 10:54:08,2026-02-27,10:00,1,129,0,0,0,
2026-02-27 10:54:13,2026-02-27,10:00,1,125,0,0,0,
2026-02-27 10:54:18,2026-02-27,10:00,1,125,0,0,0,
2026-02-27 10:54:24,2026-02-27,10:00,1,124,0,0,0,
2026-02-27 10:54:29,2026-02-27,10:00,1,140,0,0,0,
2026-02-27 10:54:34,2026-02-27,10:00,1,205,0,0,0,
2026-02-27 10:54:39,2026-02-27,10:00,1,156,0,0,0,
2026-02-27 10:54:44,2026-02-27,10:00,1,161,0,0,0,
2026-02-27 10:54:50,2026-02-27,10:00,1,117,0,0,0,
2026-02-27 10:54:55,2026-02-27,10:00,1,228,0,0,0,
2026-02-27 10:55:00,2026-02-27,10:00,1,128,0,0,0,
2026-02-27 10:55:05,2026-02-27,10:00,1,186,0,0,0,
2026-02-27 10:55:10,2026-02-27,10:00,1,130,0,0,0,
2026-02-27 10:55:16,2026-02-27,10:00,1,165,0,0,0,
2026-02-27 10:55:21,2026-02-27,10:00,1,135,0,0,0,
2026-02-27 10:55:26,2026-02-27,10:00,1,140,0,0,0,
2026-02-27 10:55:31,2026-02-27,10:00,1,188,0,0,0,
2026-02-27 10:55:36,2026-02-27,10:00,1,120,0,0,0,
2026-02-27 10:55:41,2026-02-27,10:00,1,127,0,0,0,
2026-02-27 10:55:47,2026-02-27,10:00,1,114,0,0,0,
2026-02-27 10:55:52,2026-02-27,10:00,1,128,0,0,0,
2026-02-27 10:55:57,2026-02-27,10:00,1,129,0,0,0,
2026-02-27 10:56:02,2026-02-27,10:00,1,183,0,0,0,
2026-02-27 10:56:07,2026-02-27,10:00,1,347,1,0,1,
2026-02-27 10:56:13,2026-02-27,10:00,1,119,0,0,1,
2026-02-27 10:56:18,2026-02-27,10:00,1,118,0,0,1,
2026-02-27 10:56:23,2026-02-27,10:00,1,124,0,0,1,
2026-02-27 10:56:28,2026-02-27,10:00,1,205,0,0,1,
2026-02-27 10:56:33,2026-02-27,10:00,1,194,0,0,1,
2026-02-27 10:56:39,2026-02-27,10:00,1,153,0,0,1,
2026-02-27 10:56:44,2026-02-27,10:00,1,130,0,0,1,
2026-02-27 10:56:49,2026-02-27,10:00,1,241,0,0,1,
2026-02-27 10:56:54,2026-02-27,10:00,1,226,0,0,1,
2026-02-27 10:57:00,2026-02-27,10:00,1,126,0,0,0,
2026-02-27 10:57:05,2026-02-27,10:00,1,120,0,0,0,
2026-02-27 10:57:10,2026-02-27,10:00,1,129,0,0,0,
2026-02-27 10:57:15,2026-02-27,10:00,1,1051,1,0,1,
2026-02-27 10:57:21,2026-02-27,10:00,1,122,0,0,1,
2026-02-27 10:57:26,2026-02-27,10:00,1,142,0,0,1,
2026-02-27 10:57:31,2026-02-27,10:00,1,135,0,0,1,
2026-02-27 10:57:37,2026-02-27,10:00,1,123,0,0,1,
2026-02-27 10:57:42,2026-02-27,10:00,1,124,0,0,1,
2026-02-27 10:57:47,2026-02-27,10:00,1,130,0,0,1,
2026-02-27 10:57:52,2026-02-27,10:00,1,125,0,0,1,
2026-02-27 10:57:57,2026-02-27,10:00,1,130,0,0,1,
2026-02-27 10:58:02,2026-02-27,10:00,1,158,0,0,1,
2026-02-27 10:58:08,2026-02-27,10:00,1,124,0,0,0,
2026-02-27 10:58:13,2026-02-27,10:00,1,117,0,0,0,
2026-02-27 10:58:18,2026-02-27,10:00,1,185,0,0,0,
2026-02-27 10:58:23,2026-02-27,10:00,1,158,0,0,0,
2026-02-27 10:58:28,2026-02-27,10:00,1,126,0,0,0,
2026-02-27 10:58:33,2026-02-27,10:00,1,151,0,0,0,
2026-02-27 10:58:39,2026-02-27,10:00,1,142,0,0,0,
2026-02-27 10:58:44,2026-02-27,10:00,1,128,0,0,0,
2026-02-27 10:58:49,2026-02-27,10:00,1,126,0,0,0,
2026-02-27 10:58:54,2026-02-27,10:00,1,132,0,0,0,
2026-02-27 10:58:59,2026-02-27,10:00,1,119,0,0,0,
2026-02-27 10:59:04,2026-02-27,10:00,1,128,0,0,0,
2026-02-27 10:59:10,2026-02-27,10:00,1,150,0,0,0,
2026-02-27 10:59:15,2026-02-27,10:00,1,180,0,0,0,
2026-02-27 10:59:20,2026-02-27,10:00,1,136,0,0,0,
2026-02-27 10:59:25,2026-02-27,10:00,1,120,0,0,0,
2026-02-27 10:59:30,2026-02-27,10:00,1,212,0,0,0,
2026-02-27 10:59:36,2026-02-27,10:00,1,125,0,0,0,
2026-02-27 10:59:41,2026-02-27,10:00,1,118,0,0,0,
2026-02-27 10:59:46,2026-02-27,10:00,1,126,0,0,0,
2026-02-27 10:59:51,2026-02-27,10:00,1,193,0,0,0,
2026-02-27 10:59:56,2026-02-27,10:00,1,122,0,0,0,
2026-02-27 11:00:01,2026-02-27,11:00,1,143,0,0,0,
2026-02-27 11:00:07,2026-02-27,11:00,1,150,0,0,0,
2026-02-27 11:00:12,2026-02-27,11:00,1,168,0,0,0,
2026-02-27 11:00:17,2026-02-27,11:00,1,119,0,0,0,
2026-02-27 11:00:22,2026-02-27,11:00,1,148,0,0,0,
2026-02-27 11:00:27,2026-02-27,11:00,1,130,0,0,0,
2026-02-27 11:00:33,2026-02-27,11:00,1,125,0,0,0,
2026-02-27 11:00:38,2026-02-27,11:00,1,120,0,0,0,
2026-02-27 11:00:43,2026-02-27,11:00,1,141,0,0,0,
2026-02-27 11:00:48,2026-02-27,11:00,1,140,0,0,0,
2026-02-27 11:00:53,2026-02-27,11:00,1,142,0,0,0,
2026-02-27 11:00:58,2026-02-27,11:00,1,118,0,0,0,
2026-02-27 11:01:04,2026-02-27,11:00,1,119,0,0,0,
2026-02-27 11:01:09,2026-02-27,11:00,1,131,0,0,0,
2026-02-27 11:01:14,2026-02-27,11:00,1,120,0,0,0,
2026-02-27 11:01:19,2026-02-27,11:00,1,244,0,0,0,
2026-02-27 11:01:24,2026-02-27,11:00,1,41,0,0,0,
2026-02-27 11:01:29,2026-02-27,11:00,1,139,0,0,0,
2026-02-27 11:01:35,2026-02-27,11:00,1,102,0,0,0,
2026-02-27 11:01:40,2026-02-27,11:00,1,53,0,0,0,
2026-02-27 11:01:45,2026-02-27,11:00,1,25,0,0,0,
2026-02-27 11:01:50,2026-02-27,11:00,1,35,0,0,0,
2026-02-27 11:01:55,2026-02-27,11:00,1,75,0,0,0,
2026-02-27 11:02:00,2026-02-27,11:00,1,80,0,0,0,
2026-02-27 11:02:05,2026-02-27,11:00,1,27,0,0,0,
2026-02-27 11:02:10,2026-02-27,11:00,1,47,0,0,0,
2026-02-27 11:02:15,2026-02-27,11:00,1,84,0,0,0,
2026-02-27 11:02:21,2026-02-27,11:00,1,27,0,0,0,
2026-02-27 11:02:26,2026-02-27,11:00,1,26,0,0,0,
2026-02-27 11:02:31,2026-02-27,11:00,1,219,0,0,0,
2026-02-27 11:02:36,2026-02-27,11:00,1,30,0,0,0,
2026-02-27 11:02:41,2026-02-27,11:00,1,52,0,0,0,
2026-02-27 11:02:46,2026-02-27,11:00,1,36,0,0,0,
2026-02-27 11:02:51,2026-02-27,11:00,1,105,0,0,0,
2026-02-27 11:02:56,2026-02-27,11:00,1,67,0,0,0,
2026-02-27 11:03:01,2026-02-27,11:00,1,44,0,0,0,
2026-02-27 11:03:06,2026-02-27,11:00,1,27,0,0,0,
2026-02-27 11:03:11,2026-02-27,11:00,1,27,0,0,0,
2026-02-27 11:03:17,2026-02-27,11:00,1,28,0,0,0,
2026-02-27 11:03:22,2026-02-27,11:00,1,61,0,0,0,
2026-02-27 11:03:27,2026-02-27,11:00,1,33,0,0,0,
2026-02-27 11:03:32,2026-02-27,11:00,1,45,0,0,0,
2026-02-27 11:03:37,2026-02-27,11:00,1,84,0,0,0,
2026-02-27 11:03:42,2026-02-27,11:00,1,48,0,0,0,
2026-02-27 11:03:47,2026-02-27,11:00,1,39,0,0,0,
2026-02-27 11:03:52,2026-02-27,11:00,1,55,0,0,0,
2026-02-27 11:03:57,2026-02-27,11:00,1,40,0,0,0,
2026-02-27 11:04:02,2026-02-27,11:00,1,104,0,0,0,
2026-02-27 11:04:08,2026-02-27,11:00,1,98,0,0,0,
2026-02-27 11:04:13,2026-02-27,11:00,1,96,0,0,0,
2026-02-27 11:04:18,2026-02-27,11:00,1,150,0,0,0,
2026-02-27 11:04:23,2026-02-27,11:00,1,45,0,0,0,
2026-02-27 11:04:28,2026-02-27,11:00,1,238,0,0,0,
2026-02-27 11:04:33,2026-02-27,11:00,1,245,0,0,0,
2026-02-27 11:04:39,2026-02-27,11:00,1,235,0,0,0,
2026-02-27 11:04:44,2026-02-27,11:00,1,197,0,0,0,
2026-02-27 11:04:49,2026-02-27,11:00,1,199,0,0,0,
2026-02-27 11:04:54,2026-02-27,11:00,1,213,0,0,0,
2026-02-27 11:05:00,2026-02-27,11:00,1,199,0,0,0,
2026-02-27 11:05:05,2026-02-27,11:00,1,278,0,0,0,
2026-02-27 11:05:10,2026-02-27,11:00,1,205,0,0,0,
2026-02-27 11:05:16,2026-02-27,11:00,1,206,0,0,0,
2026-02-27 11:05:21,2026-02-27,11:00,1,208,0,0,0,
2026-02-27 11:05:26,2026-02-27,11:00,1,241,0,0,0,
2026-02-27 11:05:31,2026-02-27,11:00,1,275,0,0,0,
2026-02-27 11:05:37,2026-02-27,11:00,1,246,0,0,0,
2026-02-27 11:05:42,2026-02-27,11:00,1,234,0,0,0,
2026-02-27 11:05:47,2026-02-27,11:00,1,245,0,0,0,
2026-02-27 11:05:52,2026-02-27,11:00,1,201,0,0,0,
2026-02-27 11:05:58,2026-02-27,11:00,1,209,0,0,0,
2026-02-27 11:06:03,2026-02-27,11:00,1,214,0,0,0,
2026-02-27 11:06:08,2026-02-27,11:00,1,200,0,0,0,
2026-02-27 11:06:13,2026-02-27,11:00,1,229,0,0,0,
2026-02-27 11:06:19,2026-02-27,11:00,1,199,0,0,0,
2026-02-27 11:06:24,2026-02-27,11:00,1,201,0,0,0,
2026-02-27 11:06:29,2026-02-27,11:00,1,198,0,0,0,
2026-02-27 11:06:34,2026-02-27,11:00,1,206,0,0,0,
2026-02-27 11:06:40,2026-02-27,11:00,1,200,0,0,0,
2026-02-27 11:06:45,2026-02-27,11:00,1,226,0,0,0,
2026-02-27 11:06:50,2026-02-27,11:00,1,256,0,0,0,
2026-02-27 11:06:55,2026-02-27,11:00,1,276,0,0,0,
2026-02-27 11:07:01,2026-02-27,11:00,1,211,0,0,0,
2026-02-27 11:07:06,2026-02-27,11:00,1,229,0,0,0,
2026-02-27 11:07:11,2026-02-27,11:00,1,254,0,0,0,
2026-02-27 11:07:17,2026-02-27,11:00,1,211,0,0,0,
2026-02-27 11:07:22,2026-02-27,11:00,1,213,0,0,0,
2026-02-27 11:07:27,2026-02-27,11:00,1,291,0,0,0,
2026-02-27 11:07:32,2026-02-27,11:00,1,298,0,0,0,
2026-02-27 11:07:38,2026-02-27,11:00,1,227,0,0,0,
2026-02-27 11:07:43,2026-02-27,11:00,1,222,0,0,0,
2026-02-27 11:07:48,2026-02-27,11:00,1,307,1,0,1,
2026-02-27 11:07:54,2026-02-27,11:00,1,248,0,0,1,
2026-02-27 11:07:59,2026-02-27,11:00,1,285,0,0,1,
2026-02-27 11:08:04,2026-02-27,11:00,1,244,0,0,1,
2026-02-27 11:08:09,2026-02-27,11:00,1,211,0,0,1,
2026-02-27 11:08:15,2026-02-27,11:00,1,241,0,0,1,
2026-02-27 11:08:20,2026-02-27,11:00,1,202,0,0,1,
2026-02-27 11:08:25,2026-02-27,11:00,1,206,0,0,1,
2026-02-27 11:08:30,2026-02-27,11:00,1,207,0,0,1,
2026-02-27 11:08:36,2026-02-27,11:00,1,211,0,0,1,
2026-02-27 11:08:41,2026-02-27,11:00,0,,1,1,1,
2026-02-27 11:08:49,2026-02-27,11:00,1,246,0,0,1,
2026-02-27 11:08:54,2026-02-27,11:00,1,214,0,0,1,
2026-02-27 11:08:59,2026-02-27,11:00,1,245,0,0,1,
2026-02-27 11:09:05,2026-02-27,11:00,1,340,1,0,2,
2026-02-27 11:09:10,2026-02-27,11:00,1,218,0,0,2,
2026-02-27 11:09:15,2026-02-27,11:00,1,249,0,0,2,
2026-02-27 11:09:21,2026-02-27,11:00,1,217,0,0,2,
2026-02-27 11:09:26,2026-02-27,11:00,1,214,0,0,2,
2026-02-27 11:09:31,2026-02-27,11:00,1,127,0,0,2,
2026-02-27 11:09:36,2026-02-27,11:00,1,121,0,0,1,
2026-02-27 11:09:41,2026-02-27,11:00,1,125,0,0,1,
2026-02-27 11:09:47,2026-02-27,11:00,1,123,0,0,1,
2026-02-27 11:09:52,2026-02-27,11:00,1,118,0,0,1,
2026-02-27 11:09:57,2026-02-27,11:00,1,206,0,0,0,
2026-02-27 11:10:02,2026-02-27,11:00,1,142,0,0,0,
2026-02-27 11:10:07,2026-02-27,11:00,1,124,0,0,0,
2026-02-27 11:10:13,2026-02-27,11:00,1,131,0,0,0,
2026-02-27 11:10:18,2026-02-27,11:00,1,128,0,0,0,
2026-02-27 11:10:23,2026-02-27,11:00,1,130,0,0,0,
2026-02-27 11:10:28,2026-02-27,11:00,1,123,0,0,0,
2026-02-27 11:10:33,2026-02-27,11:00,1,162,0,0,0,
2026-02-27 11:10:38,2026-02-27,11:00,1,140,0,0,0,
2026-02-27 11:10:44,2026-02-27,11:00,1,127,0,0,0,
2026-02-27 11:10:49,2026-02-27,11:00,1,190,0,0,0,
2026-02-27 11:10:54,2026-02-27,11:00,1,129,0,0,0,
2026-02-27 11:10:59,2026-02-27,11:00,1,137,0,0,0,
2026-02-27 11:11:04,2026-02-27,11:00,1,229,0,0,0,
2026-02-27 11:11:10,2026-02-27,11:00,1,138,0,0,0,
2026-02-27 11:11:15,2026-02-27,11:00,1,151,0,0,0,
2026-02-27 11:11:20,2026-02-27,11:00,1,133,0,0,0,
2026-02-27 11:11:25,2026-02-27,11:00,1,221,0,0,0,
2026-02-27 11:11:30,2026-02-27,11:00,1,242,0,0,0,
2026-02-27 11:11:36,2026-02-27,11:00,1,198,0,0,0,
2026-02-27 11:11:41,2026-02-27,11:00,1,251,0,0,0,
2026-02-27 11:11:46,2026-02-27,11:00,1,217,0,0,0,
2026-02-27 11:11:51,2026-02-27,11:00,1,208,0,0,0,
2026-02-27 11:11:57,2026-02-27,11:00,1,221,0,0,0,
2026-02-27 11:12:02,2026-02-27,11:00,1,200,0,0,0,
2026-02-27 11:12:07,2026-02-27,11:00,1,245,0,0,0,
2026-02-27 11:12:12,2026-02-27,11:00,1,291,0,0,0,
2026-02-27 11:12:18,2026-02-27,11:00,1,462,1,0,1,
2026-02-27 11:12:23,2026-02-27,11:00,1,216,0,0,1,
2026-02-27 11:12:29,2026-02-27,11:00,1,202,0,0,1,
2026-02-27 11:12:34,2026-02-27,11:00,1,242,0,0,1,
2026-02-27 11:12:39,2026-02-27,11:00,1,202,0,0,1,
2026-02-27 11:12:44,2026-02-27,11:00,1,216,0,0,1,
2026-02-27 11:12:50,2026-02-27,11:00,1,209,0,0,1,
2026-02-27 11:12:55,2026-02-27,11:00,1,227,0,0,1,
2026-02-27 11:13:00,2026-02-27,11:00,1,201,0,0,1,
2026-02-27 11:13:05,2026-02-27,11:00,1,203,0,0,1,
2026-02-27 11:13:11,2026-02-27,11:00,1,221,0,0,0,
2026-02-27 11:13:16,2026-02-27,11:00,1,206,0,0,0,
2026-02-27 11:13:21,2026-02-27,11:00,1,221,0,0,0,
2026-02-27 11:13:26,2026-02-27,11:00,1,261,0,0,0,
2026-02-27 11:13:32,2026-02-27,11:00,1,223,0,0,0,
2026-02-27 11:13:37,2026-02-27,11:00,1,235,0,0,0,
2026-02-27 11:13:42,2026-02-27,11:00,1,212,0,0,0,
2026-02-27 11:13:47,2026-02-27,11:00,1,209,0,0,0,
2026-02-27 11:13:53,2026-02-27,11:00,1,202,0,0,0,
2026-02-27 11:13:58,2026-02-27,11:00,1,213,0,0,0,
2026-02-27 11:14:03,2026-02-27,11:00,1,226,0,0,0,
2026-02-27 11:14:08,2026-02-27,11:00,1,240,0,0,0,
2026-02-27 11:14:14,2026-02-27,11:00,1,204,0,0,0,
2026-02-27 11:14:19,2026-02-27,11:00,1,335,1,0,1,
2026-02-27 11:14:24,2026-02-27,11:00,1,127,0,0,1,
2026-02-27 11:14:29,2026-02-27,11:00,1,258,0,0,1,
2026-02-27 11:14:35,2026-02-27,11:00,1,228,0,0,1,
2026-02-27 11:14:40,2026-02-27,11:00,1,234,0,0,1,
2026-02-27 11:14:45,2026-02-27,11:00,1,290,0,0,1,
2026-02-27 11:14:51,2026-02-27,11:00,1,206,0,0,1,
2026-02-27 11:14:56,2026-02-27,11:00,1,217,0,0,1,
2026-02-27 11:15:01,2026-02-27,11:00,1,198,0,0,1,
2026-02-27 11:15:06,2026-02-27,11:00,1,144,0,0,1,
2026-02-27 11:15:12,2026-02-27,11:00,1,147,0,0,0,
2026-02-27 11:15:17,2026-02-27,11:00,1,151,0,0,0,
2026-02-27 11:15:22,2026-02-27,11:00,1,240,0,0,0,
2026-02-27 11:15:27,2026-02-27,11:00,1,139,0,0,0,
2026-02-27 11:15:32,2026-02-27,11:00,1,281,0,0,0,
2026-02-27 11:15:38,2026-02-27,11:00,1,540,1,0,1,
2026-02-27 11:15:43,2026-02-27,11:00,1,123,0,0,1,
2026-02-27 11:15:48,2026-02-27,11:00,1,214,0,0,1,
2026-02-27 11:15:54,2026-02-27,11:00,1,492,1,0,2,
2026-02-27 11:15:59,2026-02-27,11:00,1,219,0,0,2,
2026-02-27 11:16:04,2026-02-27,11:00,1,128,0,0,2,
2026-02-27 11:16:10,2026-02-27,11:00,1,145,0,0,2,
2026-02-27 11:16:15,2026-02-27,11:00,1,171,0,0,2,
2026-02-27 11:16:20,2026-02-27,11:00,1,135,0,0,2,
2026-02-27 11:16:25,2026-02-27,11:00,1,136,0,0,2,
2026-02-27 11:16:30,2026-02-27,11:00,1,611,1,0,2,
2026-02-27 11:16:36,2026-02-27,11:00,0,,1,1,3,
2026-02-27 11:16:44,2026-02-27,11:00,1,379,1,0,4,
2026-02-27 11:16:50,2026-02-27,11:00,1,121,0,0,3,
2026-02-27 11:16:55,2026-02-27,11:00,1,128,0,0,3,
2026-02-27 11:17:00,2026-02-27,11:00,1,129,0,0,3,
2026-02-27 11:17:05,2026-02-27,11:00,1,124,0,0,3,
2026-02-27 11:17:10,2026-02-27,11:00,1,126,0,0,3,
2026-02-27 11:17:16,2026-02-27,11:00,1,146,0,0,3,
2026-02-27 11:17:21,2026-02-27,11:00,1,126,0,0,3,
2026-02-27 11:17:26,2026-02-27,11:00,1,131,0,0,2,
2026-02-27 11:17:31,2026-02-27,11:00,1,129,0,0,1,
2026-02-27 11:17:36,2026-02-27,11:00,1,150,0,0,0,
2026-02-27 11:17:41,2026-02-27,11:00,1,121,0,0,0,
2026-02-27 11:17:47,2026-02-27,11:00,1,449,1,0,1,
2026-02-27 11:17:52,2026-02-27,11:00,1,142,0,0,1,
2026-02-27 11:17:57,2026-02-27,11:00,1,120,0,0,1,
2026-02-27 11:18:02,2026-02-27,11:00,1,130,0,0,1,
2026-02-27 11:18:08,2026-02-27,11:00,1,124,0,0,1,
2026-02-27 11:18:13,2026-02-27,11:00,1,120,0,0,1,
2026-02-27 11:18:18,2026-02-27,11:00,1,126,0,0,1,
2026-02-27 11:18:23,2026-02-27,11:00,1,127,0,0,1,
2026-02-27 11:18:28,2026-02-27,11:00,1,124,0,0,1,
2026-02-27 11:18:33,2026-02-27,11:00,1,126,0,0,1,
2026-02-27 11:18:39,2026-02-27,11:00,1,123,0,0,0,
2026-02-27 11:18:44,2026-02-27,11:00,1,125,0,0,0,
2026-02-27 11:18:49,2026-02-27,11:00,1,131,0,0,0,
2026-02-27 11:18:54,2026-02-27,11:00,1,125,0,0,0,
2026-02-27 11:18:59,2026-02-27,11:00,1,121,0,0,0,
2026-02-27 11:19:04,2026-02-27,11:00,1,131,0,0,0,
2026-02-27 11:19:10,2026-02-27,11:00,1,121,0,0,0,
2026-02-27 11:19:15,2026-02-27,11:00,1,119,0,0,0,
2026-02-27 11:19:20,2026-02-27,11:00,1,123,0,0,0,
2026-02-27 11:19:25,2026-02-27,11:00,1,125,0,0,0,
2026-02-27 11:19:30,2026-02-27,11:00,1,127,0,0,0,
2026-02-27 11:19:35,2026-02-27,11:00,1,151,0,0,0,
2026-02-27 11:19:41,2026-02-27,11:00,1,165,0,0,0,
2026-02-27 11:19:46,2026-02-27,11:00,1,134,0,0,0,
2026-02-27 11:19:51,2026-02-27,11:00,1,137,0,0,0,
2026-02-27 11:19:56,2026-02-27,11:00,1,475,1,0,1,
2026-02-27 11:20:02,2026-02-27,11:00,1,125,0,0,1,
2026-02-27 11:20:07,2026-02-27,11:00,1,127,0,0,1,
2026-02-27 11:20:12,2026-02-27,11:00,1,129,0,0,1,
2026-02-27 11:20:17,2026-02-27,11:00,1,133,0,0,1,
2026-02-27 11:20:22,2026-02-27,11:00,1,130,0,0,1,
2026-02-27 11:20:28,2026-02-27,11:00,1,128,0,0,1,
2026-02-27 11:20:33,2026-02-27,11:00,1,120,0,0,1,
2026-02-27 11:20:38,2026-02-27,11:00,1,123,0,0,1,
2026-02-27 11:20:43,2026-02-27,11:00,1,122,0,0,1,
2026-02-27 11:20:48,2026-02-27,11:00,1,125,0,0,0,
2026-02-27 11:20:53,2026-02-27,11:00,1,123,0,0,0,
2026-02-27 11:20:58,2026-02-27,11:00,1,120,0,0,0,
2026-02-27 11:21:04,2026-02-27,11:00,1,121,0,0,0,
2026-02-27 11:21:09,2026-02-27,11:00,1,119,0,0,0,
2026-02-27 11:21:14,2026-02-27,11:00,1,139,0,0,0,
2026-02-27 11:21:19,2026-02-27,11:00,1,144,0,0,0,
2026-02-27 11:21:24,2026-02-27,11:00,1,220,0,0,0,
2026-02-27 11:21:30,2026-02-27,11:00,1,200,0,0,0,
2026-02-27 11:21:35,2026-02-27,11:00,1,205,0,0,0,
2026-02-27 11:21:40,2026-02-27,11:00,1,202,0,0,0,
2026-02-27 11:21:45,2026-02-27,11:00,1,209,0,0,0,
2026-02-27 11:21:51,2026-02-27,11:00,1,204,0,0,0,
2026-02-27 11:21:56,2026-02-27,11:00,1,211,0,0,0,
2026-02-27 11:22:01,2026-02-27,11:00,1,213,0,0,0,
2026-02-27 11:22:06,2026-02-27,11:00,1,218,0,0,0,
2026-02-27 11:22:12,2026-02-27,11:00,1,200,0,0,0,
2026-02-27 11:22:17,2026-02-27,11:00,1,333,1,0,1,
2026-02-27 11:22:22,2026-02-27,11:00,1,242,0,0,1,
2026-02-27 11:22:27,2026-02-27,11:00,1,217,0,0,1,
2026-02-27 11:22:33,2026-02-27,11:00,1,513,1,0,2,
2026-02-27 11:22:38,2026-02-27,11:00,1,1392,1,0,3,
2026-02-27 11:22:45,2026-02-27,11:00,1,1882,1,0,4,
2026-02-27 11:22:52,2026-02-27,11:00,1,234,0,0,4,
2026-02-27 11:22:57,2026-02-27,11:00,1,246,0,0,4,
2026-02-27 11:23:02,2026-02-27,11:00,1,218,0,0,4,
2026-02-27 11:23:08,2026-02-27,11:00,1,223,0,0,4,
2026-02-27 11:23:13,2026-02-27,11:00,1,222,0,0,3,
2026-02-27 11:23:18,2026-02-27,11:00,1,242,0,0,3,
2026-02-27 11:23:23,2026-02-27,11:00,1,218,0,0,3,
2026-02-27 11:23:29,2026-02-27,11:00,1,215,0,0,2,
2026-02-27 11:23:34,2026-02-27,11:00,1,214,0,0,1,
2026-02-27 11:23:39,2026-02-27,11:00,1,208,0,0,0,
2026-02-27 11:23:44,2026-02-27,11:00,1,212,0,0,0,
2026-02-27 11:23:50,2026-02-27,11:00,1,268,0,0,0,
2026-02-27 11:23:55,2026-02-27,11:00,1,208,0,0,0,
2026-02-27 11:24:00,2026-02-27,11:00,1,214,0,0,0,
2026-02-27 11:24:05,2026-02-27,11:00,1,205,0,0,0,
2026-02-27 11:24:11,2026-02-27,11:00,1,219,0,0,0,
2026-02-27 11:24:16,2026-02-27,11:00,1,269,0,0,0,
2026-02-27 11:24:21,2026-02-27,11:00,1,263,0,0,0,
2026-02-27 11:24:27,2026-02-27,11:00,1,288,0,0,0,
2026-02-27 11:24:32,2026-02-27,11:00,1,162,0,0,0,
2026-02-27 11:24:37,2026-02-27,11:00,1,136,0,0,0,
2026-02-27 11:24:42,2026-02-27,11:00,1,261,0,0,0,
2026-02-27 11:24:48,2026-02-27,11:00,1,123,0,0,0,
2026-02-27 11:24:53,2026-02-27,11:00,1,122,0,0,0,
2026-02-27 11:24:58,2026-02-27,11:00,1,154,0,0,0,
2026-02-27 11:25:03,2026-02-27,11:00,0,,1,1,1,
2026-02-27 11:25:11,2026-02-27,11:00,1,242,0,0,1,
2026-02-27 11:25:16,2026-02-27,11:00,1,135,0,0,1,
2026-02-27 11:25:21,2026-02-27,11:00,1,340,1,0,2,
2026-02-27 11:25:27,2026-02-27,11:00,1,219,0,0,2,
2026-02-27 11:25:32,2026-02-27,11:00,1,160,0,0,2,
2026-02-27 11:25:37,2026-02-27,11:00,1,165,0,0,2,
2026-02-27 11:25:42,2026-02-27,11:00,0,,1,1,3,
2026-02-27 11:25:50,2026-02-27,11:00,1,293,0,0,3,
2026-02-27 11:25:56,2026-02-27,11:00,1,228,0,0,3,
2026-02-27 11:26:01,2026-02-27,11:00,1,157,0,0,2,
2026-02-27 11:26:06,2026-02-27,11:00,1,191,0,0,2,
2026-02-27 11:26:12,2026-02-27,11:00,1,129,0,0,2,
2026-02-27 11:26:17,2026-02-27,11:00,1,157,0,0,1,
2026-02-27 11:26:22,2026-02-27,11:00,1,167,0,0,1,
2026-02-27 11:26:27,2026-02-27,11:00,1,327,1,0,2,
2026-02-27 11:26:33,2026-02-27,11:00,1,308,1,0,3,
2026-02-27 11:26:38,2026-02-27,11:00,1,494,1,0,3,
2026-02-27 11:26:44,2026-02-27,11:00,1,201,0,0,3,
2026-02-27 11:26:49,2026-02-27,11:00,1,203,0,0,3,
2026-02-27 11:26:54,2026-02-27,11:00,1,196,0,0,3,
2026-02-27 11:26:59,2026-02-27,11:00,1,212,0,0,3,
2026-02-27 11:27:05,2026-02-27,11:00,1,216,0,0,3,
2026-02-27 11:27:10,2026-02-27,11:00,1,225,0,0,3,
2026-02-27 11:27:15,2026-02-27,11:00,1,215,0,0,3,
2026-02-27 11:27:20,2026-02-27,11:00,1,231,0,0,2,
2026-02-27 11:27:26,2026-02-27,11:00,1,215,0,0,1,
2026-02-27 11:27:31,2026-02-27,11:00,1,241,0,0,0,
2026-02-27 11:27:36,2026-02-27,11:00,1,368,1,0,1,
2026-02-27 11:27:42,2026-02-27,11:00,1,217,0,0,1,
2026-02-27 11:27:47,2026-02-27,11:00,1,219,0,0,1,
2026-02-27 11:27:52,2026-02-27,11:00,1,221,0,0,1,
2026-02-27 11:27:57,2026-02-27,11:00,1,237,0,0,1,
2026-02-27 11:28:03,2026-02-27,11:00,1,214,0,0,1,
2026-02-27 11:28:08,2026-02-27,11:00,1,282,0,0,1,
2026-02-27 11:28:13,2026-02-27,11:00,1,238,0,0,1,
2026-02-27 11:28:18,2026-02-27,11:00,1,213,0,0,1,
2026-02-27 11:28:24,2026-02-27,11:00,1,338,1,0,2,
2026-02-27 11:28:29,2026-02-27,11:00,1,200,0,0,1,
2026-02-27 11:28:34,2026-02-27,11:00,1,385,1,0,2,
2026-02-27 11:28:40,2026-02-27,11:00,1,190,0,0,2,
2026-02-27 11:28:45,2026-02-27,11:00,1,218,0,0,2,
2026-02-27 11:28:50,2026-02-27,11:00,1,215,0,0,2,
2026-02-27 11:28:55,2026-02-27,11:00,1,229,0,0,2,
2026-02-27 11:29:01,2026-02-27,11:00,1,264,0,0,2,
2026-02-27 11:29:06,2026-02-27,11:00,1,840,1,0,3,
2026-02-27 11:29:12,2026-02-27,11:00,1,284,0,0,3,
2026-02-27 11:29:17,2026-02-27,11:00,1,292,0,0,2,
2026-02-27 11:29:23,2026-02-27,11:00,1,250,0,0,2,
2026-02-27 11:29:28,2026-02-27,11:00,1,621,1,0,2,
2026-02-27 11:29:34,2026-02-27,11:00,1,203,0,0,2,
2026-02-27 11:29:39,2026-02-27,11:00,1,198,0,0,2,
2026-02-27 11:29:45,2026-02-27,11:00,1,259,0,0,2,
2026-02-27 11:29:50,2026-02-27,11:00,1,250,0,0,2,
2026-02-27 11:29:55,2026-02-27,11:00,1,247,0,0,2,
2026-02-27 11:30:01,2026-02-27,11:00,1,201,0,0,1,
2026-02-27 11:30:06,2026-02-27,11:00,1,239,0,0,1,
2026-02-27 11:30:11,2026-02-27,11:00,1,263,0,0,1,
2026-02-27 11:30:16,2026-02-27,11:00,1,230,0,0,1,
2026-02-27 11:30:22,2026-02-27,11:00,1,204,0,0,0,
2026-02-27 11:30:27,2026-02-27,11:00,1,256,0,0,0,
2026-02-27 11:30:32,2026-02-27,11:00,1,220,0,0,0,
2026-02-27 11:30:37,2026-02-27,11:00,1,206,0,0,0,
2026-02-27 11:30:43,2026-02-27,11:00,1,212,0,0,0,
2026-02-27 11:30:48,2026-02-27,11:00,1,205,0,0,0,
2026-02-27 11:30:53,2026-02-27,11:00,1,252,0,0,0,
2026-02-27 11:30:59,2026-02-27,11:00,1,1441,1,0,1,
2026-02-27 11:31:07,2026-02-27,11:00,1,293,0,0,1,
2026-02-27 11:31:12,2026-02-27,11:00,1,216,0,0,1,
2026-02-27 11:31:17,2026-02-27,11:00,0,,1,1,2,
2026-02-27 11:31:25,2026-02-27,11:00,1,229,0,0,2,
2026-02-27 11:31:30,2026-02-27,11:00,1,231,0,0,2,
2026-02-27 11:31:35,2026-02-27,11:00,1,259,0,0,2,
2026-02-27 11:31:41,2026-02-27,11:00,1,221,0,0,2,
2026-02-27 11:31:46,2026-02-27,11:00,1,211,0,0,2,
2026-02-27 11:31:51,2026-02-27,11:00,1,228,0,0,2,
2026-02-27 11:31:56,2026-02-27,11:00,1,975,1,0,2,
2026-02-27 11:32:02,2026-02-27,11:00,1,247,0,0,2,
2026-02-27 11:32:08,2026-02-27,11:00,1,227,0,0,2,
2026-02-27 11:32:13,2026-02-27,11:00,1,217,0,0,1,
2026-02-27 11:32:18,2026-02-27,11:00,1,733,1,0,2,
2026-02-27 11:32:24,2026-02-27,11:00,1,195,0,0,2,
2026-02-27 11:32:29,2026-02-27,11:00,1,217,0,0,2,
2026-02-27 11:32:35,2026-02-27,11:00,1,293,0,0,2,
2026-02-27 11:32:40,2026-02-27,11:00,1,374,1,0,3,
2026-02-27 11:32:45,2026-02-27,11:00,1,541,1,0,4,
2026-02-27 11:32:51,2026-02-27,11:00,1,197,0,0,3,
2026-02-27 11:32:56,2026-02-27,11:00,1,571,1,0,4,
2026-02-27 11:33:02,2026-02-27,11:00,1,268,0,0,4,
2026-02-27 11:33:07,2026-02-27,11:00,1,308,1,0,5,
2026-02-27 11:33:12,2026-02-27,11:00,1,215,0,0,4,
2026-02-27 11:33:18,2026-02-27,11:00,1,372,1,0,5,
2026-02-27 11:33:23,2026-02-27,11:00,1,235,0,0,5,
2026-02-27 11:33:28,2026-02-27,11:00,1,339,1,0,6,
2026-02-27 11:33:34,2026-02-27,11:00,1,290,0,0,5,
2026-02-27 11:33:39,2026-02-27,11:00,1,385,1,0,5,
2026-02-27 11:33:45,2026-02-27,11:00,1,320,1,0,6,
2026-02-27 11:33:50,2026-02-27,11:00,1,244,0,0,5,
2026-02-27 11:33:55,2026-02-27,11:00,1,291,0,0,5,
2026-02-27 11:34:01,2026-02-27,11:00,1,209,0,0,4,
2026-02-27 11:34:06,2026-02-27,11:00,1,301,1,0,5,
2026-02-27 11:34:11,2026-02-27,11:00,1,278,0,0,4,
2026-02-27 11:34:16,2026-02-27,11:00,1,240,0,0,4,
2026-02-27 11:34:22,2026-02-27,11:00,1,334,1,0,4,
2026-02-27 11:34:27,2026-02-27,11:00,1,240,0,0,4,
2026-02-27 11:34:32,2026-02-27,11:00,1,126,0,0,3,
2026-02-27 11:34:38,2026-02-27,11:00,1,135,0,0,2,
2026-02-27 11:34:43,2026-02-27,11:00,1,150,0,0,2,
2026-02-27 11:34:48,2026-02-27,11:00,1,115,0,0,2,
2026-02-27 11:34:53,2026-02-27,11:00,1,122,0,0,2,
2026-02-27 11:34:58,2026-02-27,11:00,1,227,0,0,1,
2026-02-27 11:35:04,2026-02-27,11:00,1,162,0,0,1,
2026-02-27 11:35:09,2026-02-27,11:00,1,168,0,0,1,
2026-02-27 11:35:14,2026-02-27,11:00,1,199,0,0,0,
2026-02-27 11:35:19,2026-02-27,11:00,1,172,0,0,0,
2026-02-27 11:35:24,2026-02-27,11:00,1,152,0,0,0,
2026-02-27 11:35:30,2026-02-27,11:00,1,138,0,0,0,
2026-02-27 11:35:35,2026-02-27,11:00,1,147,0,0,0,
2026-02-27 11:35:40,2026-02-27,11:00,1,131,0,0,0,
2026-02-27 11:35:45,2026-02-27,11:00,1,155,0,0,0,
2026-02-27 11:35:50,2026-02-27,11:00,1,167,0,0,0,
2026-02-27 11:35:56,2026-02-27,11:00,1,141,0,0,0,
2026-02-27 11:36:01,2026-02-27,11:00,1,172,0,0,0,
2026-02-27 11:36:06,2026-02-27,11:00,1,181,0,0,0,
2026-02-27 11:36:11,2026-02-27,11:00,1,210,0,0,0,
2026-02-27 11:36:17,2026-02-27,11:00,1,226,0,0,0,
2026-02-27 11:36:22,2026-02-27,11:00,1,130,0,0,0,
2026-02-27 11:36:27,2026-02-27,11:00,1,133,0,0,0,
2026-02-27 11:36:32,2026-02-27,11:00,1,136,0,0,0,
2026-02-27 11:36:37,2026-02-27,11:00,1,133,0,0,0,
2026-02-27 11:36:43,2026-02-27,11:00,1,183,0,0,0,
2026-02-27 11:36:48,2026-02-27,11:00,1,253,0,0,0,
2026-02-27 11:36:53,2026-02-27,11:00,1,156,0,0,0,
2026-02-27 11:36:58,2026-02-27,11:00,1,132,0,0,0,
2026-02-27 11:37:03,2026-02-27,11:00,1,184,0,0,0,
2026-02-27 11:37:09,2026-02-27,11:00,1,149,0,0,0,
2026-02-27 11:37:14,2026-02-27,11:00,1,177,0,0,0,
2026-02-27 11:37:19,2026-02-27,11:00,1,217,0,0,0,
2026-02-27 11:37:24,2026-02-27,11:00,1,148,0,0,0,
2026-02-27 11:37:30,2026-02-27,11:00,1,182,0,0,0,
2026-02-27 11:37:35,2026-02-27,11:00,1,135,0,0,0,
2026-02-27 11:37:40,2026-02-27,11:00,1,153,0,0,0,
2026-02-27 11:37:45,2026-02-27,11:00,1,134,0,0,0,
2026-02-27 11:37:50,2026-02-27,11:00,1,156,0,0,0,
2026-02-27 11:37:55,2026-02-27,11:00,1,133,0,0,0,
2026-02-27 11:38:01,2026-02-27,11:00,1,121,0,0,0,
2026-02-27 11:38:06,2026-02-27,11:00,1,128,0,0,0,
2026-02-27 11:38:11,2026-02-27,11:00,1,147,0,0,0,
2026-02-27 11:38:16,2026-02-27,11:00,1,126,0,0,0,
2026-02-27 11:38:21,2026-02-27,11:00,1,136,0,0,0,
2026-02-27 11:38:27,2026-02-27,11:00,1,120,0,0,0,
2026-02-27 11:38:32,2026-02-27,11:00,1,162,0,0,0,
2026-02-27 11:38:37,2026-02-27,11:00,1,118,0,0,0,
2026-02-27 11:38:42,2026-02-27,11:00,1,130,0,0,0,
2026-02-27 11:38:47,2026-02-27,11:00,1,175,0,0,0,
2026-02-27 11:38:52,2026-02-27,11:00,1,119,0,0,0,
2026-02-27 11:38:58,2026-02-27,11:00,1,123,0,0,0,
2026-02-27 11:39:03,2026-02-27,11:00,1,163,0,0,0,
2026-02-27 11:39:08,2026-02-27,11:00,1,131,0,0,0,
2026-02-27 11:39:13,2026-02-27,11:00,1,197,0,0,0,
2026-02-27 11:39:18,2026-02-27,11:00,1,183,0,0,0,
2026-02-27 11:39:24,2026-02-27,11:00,1,125,0,0,0,
2026-02-27 11:39:29,2026-02-27,11:00,1,137,0,0,0,
2026-02-27 11:39:34,2026-02-27,11:00,1,142,0,0,0,
2026-02-27 11:39:39,2026-02-27,11:00,1,139,0,0,0,
2026-02-27 11:39:44,2026-02-27,11:00,1,137,0,0,0,
2026-02-27 11:39:50,2026-02-27,11:00,1,144,0,0,0,
2026-02-27 11:39:55,2026-02-27,11:00,1,221,0,0,0,
2026-02-27 11:40:00,2026-02-27,11:00,1,204,0,0,0,
2026-02-27 11:40:05,2026-02-27,11:00,1,119,0,0,0,
2026-02-27 11:40:10,2026-02-27,11:00,1,135,0,0,0,
2026-02-27 11:40:16,2026-02-27,11:00,1,120,0,0,0,
2026-02-27 11:40:21,2026-02-27,11:00,1,124,0,0,0,
2026-02-27 11:40:26,2026-02-27,11:00,1,131,0,0,0,
2026-02-27 11:40:31,2026-02-27,11:00,1,461,1,0,1,
2026-02-27 11:40:37,2026-02-27,11:00,1,133,0,0,1,
2026-02-27 11:40:42,2026-02-27,11:00,1,274,0,0,1,
2026-02-27 11:40:47,2026-02-27,11:00,1,228,0,0,1,
2026-02-27 11:40:52,2026-02-27,11:00,1,154,0,0,1,
2026-02-27 11:40:58,2026-02-27,11:00,1,160,0,0,1,
2026-02-27 11:41:03,2026-02-27,11:00,1,142,0,0,1,
2026-02-27 11:41:08,2026-02-27,11:00,1,158,0,0,1,
2026-02-27 11:41:13,2026-02-27,11:00,1,157,0,0,1,
2026-02-27 11:41:18,2026-02-27,11:00,1,146,0,0,1,
2026-02-27 11:41:24,2026-02-27,11:00,1,570,1,0,1,
2026-02-27 11:41:29,2026-02-27,11:00,1,426,1,0,2,
2026-02-27 11:41:35,2026-02-27,11:00,1,313,1,0,3,
2026-02-27 11:41:40,2026-02-27,11:00,1,1735,1,0,4,
2026-02-27 11:41:47,2026-02-27,11:00,1,205,0,0,4,
2026-02-27 11:41:52,2026-02-27,11:00,1,219,0,0,4,
2026-02-27 11:41:58,2026-02-27,11:00,1,211,0,0,4,
2026-02-27 11:42:03,2026-02-27,11:00,1,243,0,0,4,
2026-02-27 11:42:08,2026-02-27,11:00,1,234,0,0,4,
2026-02-27 11:42:14,2026-02-27,11:00,1,242,0,0,4,
2026-02-27 11:42:19,2026-02-27,11:00,1,231,0,0,3,
2026-02-27 11:42:24,2026-02-27,11:00,1,205,0,0,2,
2026-02-27 11:42:29,2026-02-27,11:00,1,248,0,0,1,
2026-02-27 11:42:35,2026-02-27,11:00,1,252,0,0,0,
2026-02-27 11:42:40,2026-02-27,11:00,1,448,1,0,1,
2026-02-27 11:42:45,2026-02-27,11:00,1,327,1,0,2,
2026-02-27 11:42:51,2026-02-27,11:00,1,209,0,0,2,
2026-02-27 11:42:56,2026-02-27,11:00,1,211,0,0,2,
2026-02-27 11:43:01,2026-02-27,11:00,1,216,0,0,2,
2026-02-27 11:43:07,2026-02-27,11:00,1,254,0,0,2,
2026-02-27 11:43:12,2026-02-27,11:00,1,239,0,0,2,
2026-02-27 11:43:17,2026-02-27,11:00,1,283,0,0,2,
2026-02-27 11:43:22,2026-02-27,11:00,1,246,0,0,2,
2026-02-27 11:43:28,2026-02-27,11:00,1,275,0,0,2,
2026-02-27 11:43:33,2026-02-27,11:00,1,221,0,0,1,
2026-02-27 11:43:38,2026-02-27,11:00,1,207,0,0,0,
2026-02-27 11:43:43,2026-02-27,11:00,1,211,0,0,0,
2026-02-27 11:43:49,2026-02-27,11:00,1,205,0,0,0,
2026-02-27 11:43:54,2026-02-27,11:00,1,210,0,0,0,
2026-02-27 11:43:59,2026-02-27,11:00,1,199,0,0,0,
2026-02-27 11:44:04,2026-02-27,11:00,1,195,0,0,0,
2026-02-27 11:44:10,2026-02-27,11:00,1,199,0,0,0,
2026-02-27 11:44:15,2026-02-27,11:00,1,198,0,0,0,
2026-02-27 11:44:20,2026-02-27,11:00,1,200,0,0,0,
2026-02-27 11:44:26,2026-02-27,11:00,1,281,0,0,0,
2026-02-27 11:44:31,2026-02-27,11:00,1,134,0,0,0,
2026-02-27 11:44:36,2026-02-27,11:00,1,134,0,0,0,
2026-02-27 11:44:41,2026-02-27,11:00,1,129,0,0,0,
2026-02-27 11:44:46,2026-02-27,11:00,1,124,0,0,0,
2026-02-27 11:44:52,2026-02-27,11:00,1,120,0,0,0,
2026-02-27 11:44:57,2026-02-27,11:00,1,136,0,0,0,
2026-02-27 11:45:02,2026-02-27,11:00,1,125,0,0,0,
2026-02-27 11:45:07,2026-02-27,11:00,1,128,0,0,0,
2026-02-27 11:45:12,2026-02-27,11:00,1,114,0,0,0,
2026-02-27 11:45:17,2026-02-27,11:00,1,173,0,0,0,
2026-02-27 11:45:23,2026-02-27,11:00,1,190,0,0,0,
2026-02-27 11:45:28,2026-02-27,11:00,1,149,0,0,0,
2026-02-27 11:45:33,2026-02-27,11:00,1,127,0,0,0,
2026-02-27 11:45:38,2026-02-27,11:00,1,956,1,0,1,
2026-02-27 11:45:44,2026-02-27,11:00,1,119,0,0,1,
2026-02-27 11:45:49,2026-02-27,11:00,1,118,0,0,1,
2026-02-27 11:45:54,2026-02-27,11:00,1,140,0,0,1,
2026-02-27 11:46:00,2026-02-27,11:00,1,216,0,0,1,
2026-02-27 11:46:05,2026-02-27,11:00,1,164,0,0,1,
2026-02-27 11:46:10,2026-02-27,11:00,1,205,0,0,1,
2026-02-27 11:46:15,2026-02-27,11:00,1,125,0,0,1,
2026-02-27 11:46:21,2026-02-27,11:00,1,120,0,0,1,
2026-02-27 11:46:26,2026-02-27,11:00,0,,1,1,2,
2026-02-27 11:46:36,2026-02-27,11:00,1,140,0,0,1,
2026-02-27 11:46:41,2026-02-27,11:00,1,535,1,0,2,
2026-02-27 11:46:47,2026-02-27,11:00,1,154,0,0,2,
2026-02-27 11:46:52,2026-02-27,11:00,0,,1,1,3,
2026-02-27 11:47:00,2026-02-27,11:00,1,188,0,0,3,
2026-02-27 11:47:05,2026-02-27,11:00,0,,1,1,4,
2026-02-27 11:47:13,2026-02-27,11:00,1,139,0,0,4,
2026-02-27 11:47:18,2026-02-27,11:00,1,359,1,0,5,
2026-02-27 11:47:23,2026-02-27,11:00,1,163,0,0,5,
2026-02-27 11:47:29,2026-02-27,11:00,1,200,0,0,4,
2026-02-27 11:47:34,2026-02-27,11:00,1,419,1,0,5,
2026-02-27 11:47:39,2026-02-27,11:00,1,158,0,0,4,
2026-02-27 11:47:45,2026-02-27,11:00,1,119,0,0,4,
2026-02-27 11:47:50,2026-02-27,11:00,1,173,0,0,3,
2026-02-27 11:47:55,2026-02-27,11:00,1,119,0,0,3,
2026-02-27 11:48:00,2026-02-27,11:00,1,233,0,0,2,
2026-02-27 11:48:05,2026-02-27,11:00,1,135,0,0,2,
2026-02-27 11:48:11,2026-02-27,11:00,1,124,0,0,1,
2026-02-27 11:48:16,2026-02-27,11:00,1,246,0,0,1,
2026-02-27 11:48:21,2026-02-27,11:00,1,129,0,0,1,
2026-02-27 11:48:26,2026-02-27,11:00,1,285,0,0,0,
2026-02-27 11:48:32,2026-02-27,11:00,1,431,1,0,1,
2026-02-27 11:48:37,2026-02-27,11:00,1,139,0,0,1,
2026-02-27 11:48:42,2026-02-27,11:00,1,339,1,0,2,
2026-02-27 11:48:48,2026-02-27,11:00,1,162,0,0,2,
2026-02-27 11:48:53,2026-02-27,11:00,1,184,0,0,2,
2026-02-27 11:48:58,2026-02-27,11:00,1,192,0,0,2,
2026-02-27 11:49:03,2026-02-27,11:00,1,139,0,0,2,
2026-02-27 11:49:09,2026-02-27,11:00,1,1973,1,0,3,
2026-02-27 11:49:16,2026-02-27,11:00,0,,1,1,4,
2026-02-27 11:49:23,2026-02-27,11:00,1,575,1,0,5,
2026-02-27 11:49:29,2026-02-27,11:00,1,1574,1,0,5,
2026-02-27 11:49:36,2026-02-27,11:00,1,317,1,0,6,
2026-02-27 11:49:41,2026-02-27,11:00,1,182,0,0,5,
2026-02-27 11:49:46,2026-02-27,11:00,1,169,0,0,5,
2026-02-27 11:49:51,2026-02-27,11:00,1,1542,1,0,6,
2026-02-27 11:49:58,2026-02-27,11:00,1,122,0,0,6,
2026-02-27 11:50:03,2026-02-27,11:00,1,122,0,0,6,
2026-02-27 11:50:08,2026-02-27,11:00,1,121,0,0,5,
2026-02-27 11:50:13,2026-02-27,11:00,1,142,0,0,4,
2026-02-27 11:50:19,2026-02-27,11:00,1,123,0,0,3,
2026-02-27 11:50:24,2026-02-27,11:00,1,126,0,0,2,
2026-02-27 11:50:29,2026-02-27,11:00,1,121,0,0,1,
2026-02-27 11:50:34,2026-02-27,11:00,1,165,0,0,1,
2026-02-27 11:50:39,2026-02-27,11:00,1,129,0,0,1,
2026-02-27 11:50:44,2026-02-27,11:00,1,161,0,0,0,
2026-02-27 11:50:50,2026-02-27,11:00,1,184,0,0,0,
2026-02-27 11:50:55,2026-02-27,11:00,1,128,0,0,0,
2026-02-27 11:51:00,2026-02-27,11:00,1,167,0,0,0,
2026-02-27 11:51:05,2026-02-27,11:00,1,125,0,0,0,
2026-02-27 11:51:10,2026-02-27,11:00,1,135,0,0,0,
2026-02-27 11:51:16,2026-02-27,11:00,1,126,0,0,0,
2026-02-27 11:51:21,2026-02-27,11:00,1,128,0,0,0,
2026-02-27 11:51:26,2026-02-27,11:00,1,126,0,0,0,
2026-02-27 11:51:31,2026-02-27,11:00,1,207,0,0,0,
2026-02-27 11:51:36,2026-02-27,11:00,1,206,0,0,0,
2026-02-27 11:51:42,2026-02-27,11:00,1,214,0,0,0,
2026-02-27 11:51:47,2026-02-27,11:00,1,228,0,0,0,
2026-02-27 11:51:52,2026-02-27,11:00,1,234,0,0,0,
2026-02-27 11:51:58,2026-02-27,11:00,1,202,0,0,0,
2026-02-27 11:52:03,2026-02-27,11:00,1,252,0,0,0,
2026-02-27 11:52:08,2026-02-27,11:00,1,208,0,0,0,
2026-02-27 11:52:13,2026-02-27,11:00,1,218,0,0,0,
2026-02-27 11:52:19,2026-02-27,11:00,1,195,0,0,0,
2026-02-27 11:52:24,2026-02-27,11:00,1,209,0,0,0,
2026-02-27 11:52:29,2026-02-27,11:00,1,294,0,0,0,
2026-02-27 11:52:34,2026-02-27,11:00,1,227,0,0,0,
2026-02-27 11:52:40,2026-02-27,11:00,1,202,0,0,0,
2026-02-27 11:52:45,2026-02-27,11:00,1,210,0,0,0,
2026-02-27 11:52:50,2026-02-27,11:00,1,214,0,0,0,
2026-02-27 11:52:56,2026-02-27,11:00,1,222,0,0,0,
2026-02-27 11:53:01,2026-02-27,11:00,1,201,0,0,0,
2026-02-27 11:53:06,2026-02-27,11:00,1,201,0,0,0,
2026-02-27 11:53:11,2026-02-27,11:00,1,197,0,0,0,
2026-02-27 11:53:16,2026-02-27,11:00,1,215,0,0,0,
2026-02-27 11:53:22,2026-02-27,11:00,1,233,0,0,0,
2026-02-27 11:53:27,2026-02-27,11:00,1,209,0,0,0,
2026-02-27 11:53:32,2026-02-27,11:00,1,226,0,0,0,
2026-02-27 11:53:38,2026-02-27,11:00,1,197,0,0,0,
2026-02-27 11:53:43,2026-02-27,11:00,1,212,0,0,0,
2026-02-27 11:53:48,2026-02-27,11:00,1,207,0,0,0,
2026-02-27 11:53:53,2026-02-27,11:00,1,227,0,0,0,
2026-02-27 11:53:58,2026-02-27,11:00,1,236,0,0,0,
2026-02-27 11:54:04,2026-02-27,11:00,1,198,0,0,0,
2026-02-27 11:54:09,2026-02-27,11:00,1,246,0,0,0,
2026-02-27 11:54:14,2026-02-27,11:00,1,246,0,0,0,
2026-02-27 11:54:20,2026-02-27,11:00,1,201,0,0,0,
2026-02-27 11:54:25,2026-02-27,11:00,1,195,0,0,0,
2026-02-27 11:54:30,2026-02-27,11:00,1,323,1,0,1,
2026-02-27 11:54:35,2026-02-27,11:00,1,332,1,0,2,
2026-02-27 11:54:41,2026-02-27,11:00,1,246,0,0,2,
2026-02-27 11:54:46,2026-02-27,11:00,1,211,0,0,2,
2026-02-27 11:54:51,2026-02-27,11:00,1,219,0,0,2,
2026-02-27 11:54:57,2026-02-27,11:00,1,231,0,0,2,
2026-02-27 11:55:02,2026-02-27,11:00,1,206,0,0,2,
2026-02-27 11:55:07,2026-02-27,11:00,1,214,0,0,2,
2026-02-27 11:55:12,2026-02-27,11:00,1,201,0,0,2,
2026-02-27 11:55:18,2026-02-27,11:00,1,211,0,0,2,
2026-02-27 11:55:23,2026-02-27,11:00,1,205,0,0,1,
2026-02-27 11:55:28,2026-02-27,11:00,1,207,0,0,0,
2026-02-27 11:55:33,2026-02-27,11:00,1,196,0,0,0,
2026-02-27 11:55:39,2026-02-27,11:00,1,254,0,0,0,
2026-02-27 11:55:44,2026-02-27,11:00,1,195,0,0,0,
2026-02-27 11:55:49,2026-02-27,11:00,1,201,0,0,0,
2026-02-27 11:55:54,2026-02-27,11:00,1,202,0,0,0,
2026-02-27 11:56:00,2026-02-27,11:00,1,212,0,0,0,
2026-02-27 11:56:05,2026-02-27,11:00,1,232,0,0,0,
2026-02-27 11:56:10,2026-02-27,11:00,1,207,0,0,0,
2026-02-27 11:56:15,2026-02-27,11:00,1,201,0,0,0,
2026-02-27 11:56:21,2026-02-27,11:00,1,199,0,0,0,
2026-02-27 11:56:26,2026-02-27,11:00,1,309,1,0,1,
2026-02-27 11:56:31,2026-02-27,11:00,1,215,0,0,1,
2026-02-27 11:56:37,2026-02-27,11:00,1,221,0,0,1,
2026-02-27 11:56:42,2026-02-27,11:00,1,210,0,0,1,
2026-02-27 11:56:47,2026-02-27,11:00,1,209,0,0,1,
2026-02-27 11:56:52,2026-02-27,11:00,1,198,0,0,1,
2026-02-27 11:56:58,2026-02-27,11:00,1,201,0,0,1,
2026-02-27 11:57:03,2026-02-27,11:00,1,221,0,0,1,
2026-02-27 11:57:08,2026-02-27,11:00,1,216,0,0,1,
2026-02-27 11:57:14,2026-02-27,11:00,1,247,0,0,1,
2026-02-27 11:57:19,2026-02-27,11:00,1,257,0,0,0,
2026-02-27 11:57:24,2026-02-27,11:00,1,252,0,0,0,
2026-02-27 11:57:29,2026-02-27,11:00,1,1124,1,0,1,
2026-02-27 11:57:36,2026-02-27,11:00,1,227,0,0,1,
2026-02-27 11:57:41,2026-02-27,11:00,1,200,0,0,1,
2026-02-27 11:57:46,2026-02-27,11:00,1,230,0,0,1,
2026-02-27 11:57:51,2026-02-27,11:00,1,263,0,0,1,
2026-02-27 11:57:57,2026-02-27,11:00,1,296,0,0,1,
2026-02-27 11:58:02,2026-02-27,11:00,1,205,0,0,1,
2026-02-27 11:58:07,2026-02-27,11:00,1,214,0,0,1,
2026-02-27 11:58:12,2026-02-27,11:00,1,235,0,0,1,
2026-02-27 11:58:18,2026-02-27,11:00,1,195,0,0,1,
2026-02-27 11:58:23,2026-02-27,11:00,1,214,0,0,0,
2026-02-27 11:58:28,2026-02-27,11:00,1,200,0,0,0,
2026-02-27 11:58:33,2026-02-27,11:00,1,207,0,0,0,
2026-02-27 11:58:39,2026-02-27,11:00,1,231,0,0,0,
2026-02-27 11:58:44,2026-02-27,11:00,1,198,0,0,0,
2026-02-27 11:58:49,2026-02-27,11:00,1,202,0,0,0,
2026-02-27 11:58:54,2026-02-27,11:00,1,221,0,0,0,
2026-02-27 11:59:00,2026-02-27,11:00,1,235,0,0,0,
2026-02-27 11:59:05,2026-02-27,11:00,1,200,0,0,0,
2026-02-27 11:59:10,2026-02-27,11:00,1,218,0,0,0,
2026-02-27 11:59:16,2026-02-27,11:00,1,199,0,0,0,
2026-02-27 11:59:21,2026-02-27,11:00,1,195,0,0,0,
2026-02-27 11:59:26,2026-02-27,11:00,1,283,0,0,0,
2026-02-27 11:59:32,2026-02-27,11:00,1,129,0,0,0,
2026-02-27 11:59:38,2026-02-27,11:00,1,123,0,0,0,
2026-02-27 11:59:43,2026-02-27,11:00,1,150,0,0,0,
2026-02-27 11:59:48,2026-02-27,11:00,1,133,0,0,0,
2026-02-27 11:59:53,2026-02-27,11:00,1,140,0,0,0,
2026-02-27 11:59:58,2026-02-27,11:00,1,118,0,0,0,
2026-02-27 12:00:03,2026-02-27,12:00,1,132,0,0,0,
2026-02-27 12:00:09,2026-02-27,12:00,1,121,0,0,0,
2026-02-27 12:00:14,2026-02-27,12:00,1,133,0,0,0,
2026-02-27 12:00:19,2026-02-27,12:00,1,127,0,0,0,
2026-02-27 12:00:24,2026-02-27,12:00,1,130,0,0,0,
2026-02-27 12:00:29,2026-02-27,12:00,1,204,0,0,0,
2026-02-27 12:00:34,2026-02-27,12:00,1,267,0,0,0,
2026-02-27 12:00:40,2026-02-27,12:00,1,136,0,0,0,
2026-02-27 12:00:45,2026-02-27,12:00,1,125,0,0,0,
2026-02-27 12:00:50,2026-02-27,12:00,1,187,0,0,0,
2026-02-27 12:00:55,2026-02-27,12:00,1,135,0,0,0,
2026-02-27 12:01:01,2026-02-27,12:00,1,180,0,0,0,
2026-02-27 12:01:06,2026-02-27,12:00,1,128,0,0,0,
2026-02-27 12:01:11,2026-02-27,12:00,1,140,0,0,0,
2026-02-27 12:01:16,2026-02-27,12:00,1,183,0,0,0,
2026-02-27 12:01:21,2026-02-27,12:00,1,143,0,0,0,
2026-02-27 12:01:27,2026-02-27,12:00,1,128,0,0,0,
2026-02-27 12:01:32,2026-02-27,12:00,1,120,0,0,0,
2026-02-27 12:01:37,2026-02-27,12:00,1,782,1,0,1,
2026-02-27 12:01:44,2026-02-27,12:00,1,131,0,0,1,
2026-02-27 12:01:49,2026-02-27,12:00,0,,1,1,2,
2026-02-27 12:01:57,2026-02-27,12:00,0,,1,2,3,
2026-02-27 12:02:05,2026-02-27,12:00,1,157,0,0,3,
2026-02-27 12:02:10,2026-02-27,12:00,1,162,0,0,3,
2026-02-27 12:02:15,2026-02-27,12:00,1,122,0,0,3,
2026-02-27 12:02:20,2026-02-27,12:00,1,125,0,0,3,
2026-02-27 12:02:26,2026-02-27,12:00,1,125,0,0,3,
2026-02-27 12:02:31,2026-02-27,12:00,1,1574,1,0,4,
2026-02-27 12:02:37,2026-02-27,12:00,0,,1,1,4,
2026-02-27 12:02:45,2026-02-27,12:00,0,,1,2,5,
2026-02-27 12:02:53,2026-02-27,12:00,0,,1,3,5,
2026-02-27 12:03:01,2026-02-27,12:00,0,,1,0,,failures
2026-02-27 12:03:17,2026-02-27,12:00,0,,1,1,,
2026-02-27 12:03:22,2026-02-27,12:00,1,116,0,0,,
2026-02-27 12:03:27,2026-02-27,12:00,1,117,0,0,,
2026-02-27 12:03:32,2026-02-27,12:00,1,125,0,0,,
2026-02-27 12:03:37,2026-02-27,12:00,1,115,0,0,,
2026-02-27 12:03:43,2026-02-27,12:00,1,118,0,0,,
2026-02-27 12:03:48,2026-02-27,12:00,1,116,0,0,,
2026-02-27 12:03:53,2026-02-27,12:00,1,124,0,0,,
2026-02-27 12:03:58,2026-02-27,12:00,1,145,0,0,,
2026-02-27 12:04:03,2026-02-27,12:00,1,147,0,0,1,
2026-02-27 12:04:08,2026-02-27,12:00,1,157,0,0,0,
2026-02-27 12:04:14,2026-02-27,12:00,1,133,0,0,0,
2026-02-27 12:04:19,2026-02-27,12:00,1,127,0,0,0,
2026-02-27 12:04:24,2026-02-27,12:00,1,124,0,0,0,
2026-02-27 12:04:29,2026-02-27,12:00,1,155,0,0,0,
2026-02-27 12:04:34,2026-02-27,12:00,1,139,0,0,0,
2026-02-27 12:04:39,2026-02-27,12:00,1,202,0,0,0,
2026-02-27 12:04:45,2026-02-27,12:00,1,132,0,0,0,
2026-02-27 12:04:50,2026-02-27,12:00,1,128,0,0,0,
2026-02-27 12:04:55,2026-02-27,12:00,1,120,0,0,0,
2026-02-27 12:05:00,2026-02-27,12:00,1,176,0,0,0,
2026-02-27 12:05:05,2026-02-27,12:00,1,177,0,0,0,
2026-02-27 12:05:11,2026-02-27,12:00,1,184,0,0,0,
2026-02-27 12:05:16,2026-02-27,12:00,1,117,0,0,0,
2026-02-27 12:05:21,2026-02-27,12:00,1,123,0,0,0,
2026-02-27 12:05:26,2026-02-27,12:00,1,129,0,0,0,
2026-02-27 12:05:31,2026-02-27,12:00,1,115,0,0,0,
2026-02-27 12:05:37,2026-02-27,12:00,1,118,0,0,0,
2026-02-27 12:05:42,2026-02-27,12:00,1,115,0,0,0,
2026-02-27 12:05:47,2026-02-27,12:00,1,118,0,0,0,
2026-02-27 12:05:52,2026-02-27,12:00,1,134,0,0,0,
2026-02-27 12:05:57,2026-02-27,12:00,1,333,1,0,1,
2026-02-27 12:06:03,2026-02-27,12:00,1,122,0,0,1,
2026-02-27 12:06:08,2026-02-27,12:00,1,129,0,0,1,
2026-02-27 12:06:13,2026-02-27,12:00,1,150,0,0,1,
2026-02-27 12:06:18,2026-02-27,12:00,0,,1,1,2,
2026-02-27 12:06:26,2026-02-27,12:00,1,133,0,0,2,
2026-02-27 12:06:31,2026-02-27,12:00,1,146,0,0,2,
2026-02-27 12:06:36,2026-02-27,12:00,1,139,0,0,2,
2026-02-27 12:06:41,2026-02-27,12:00,1,120,0,0,2,
2026-02-27 12:06:47,2026-02-27,12:00,1,119,0,0,2,
2026-02-27 12:06:52,2026-02-27,12:00,1,191,0,0,1,
2026-02-27 12:06:57,2026-02-27,12:00,1,195,0,0,1,
2026-02-27 12:07:02,2026-02-27,12:00,1,197,0,0,1,
2026-02-27 12:07:07,2026-02-27,12:00,1,204,0,0,1,
2026-02-27 12:07:13,2026-02-27,12:00,1,199,0,0,0,
2026-02-27 12:07:18,2026-02-27,12:00,1,195,0,0,0,
2026-02-27 12:07:23,2026-02-27,12:00,1,196,0,0,0,
2026-02-27 12:07:28,2026-02-27,12:00,1,198,0,0,0,
2026-02-27 12:07:34,2026-02-27,12:00,1,198,0,0,0,
2026-02-27 12:07:39,2026-02-27,12:00,1,203,0,0,0,
2026-02-27 12:07:44,2026-02-27,12:00,1,206,0,0,0,
2026-02-27 12:07:49,2026-02-27,12:00,1,208,0,0,0,
2026-02-27 12:07:55,2026-02-27,12:00,1,197,0,0,0,
2026-02-27 12:08:00,2026-02-27,12:00,1,192,0,0,0,
2026-02-27 12:08:05,2026-02-27,12:00,1,192,0,0,0,
2026-02-27 12:08:10,2026-02-27,12:00,1,193,0,0,0,
2026-02-27 12:08:16,2026-02-27,12:00,1,199,0,0,0,
2026-02-27 12:08:21,2026-02-27,12:00,1,201,0,0,0,
2026-02-27 12:08:26,2026-02-27,12:00,1,197,0,0,0,
2026-02-27 12:08:31,2026-02-27,12:00,1,204,0,0,0,
2026-02-27 12:08:37,2026-02-27,12:00,1,195,0,0,0,
2026-02-27 12:08:42,2026-02-27,12:00,1,203,0,0,0,
2026-02-27 12:08:47,2026-02-27,12:00,1,197,0,0,0,
2026-02-27 12:08:52,2026-02-27,12:00,1,195,0,0,0,
2026-02-27 12:08:58,2026-02-27,12:00,1,196,0,0,0,
2026-02-27 12:09:03,2026-02-27,12:00,1,196,0,0,0,
2026-02-27 12:09:08,2026-02-27,12:00,1,193,0,0,0,
2026-02-27 12:09:13,2026-02-27,12:00,1,212,0,0,0,
2026-02-27 12:09:18,2026-02-27,12:00,1,207,0,0,0,
2026-02-27 12:09:24,2026-02-27,12:00,1,204,0,0,0,
2026-02-27 12:09:29,2026-02-27,12:00,1,198,0,0,0,
2026-02-27 12:09:34,2026-02-27,12:00,1,195,0,0,0,
2026-02-27 12:09:39,2026-02-27,12:00,1,198,0,0,0,
2026-02-27 12:09:45,2026-02-27,12:00,1,205,0,0,0,
2026-02-27 12:09:50,2026-02-27,12:00,1,205,0,0,0,
2026-02-27 12:09:55,2026-02-27,12:00,1,204,0,0,0,
2026-02-27 12:10:00,2026-02-27,12:00,1,216,0,0,0,
2026-02-27 12:10:06,2026-02-27,12:00,1,213,0,0,0,
2026-02-27 12:10:11,2026-02-27,12:00,1,326,1,0,1,
2026-02-27 12:10:16,2026-02-27,12:00,1,227,0,0,1,
2026-02-27 12:10:22,2026-02-27,12:00,1,234,0,0,1,
2026-02-27 12:10:27,2026-02-27,12:00,1,192,0,0,1,
2026-02-27 12:10:32,2026-02-27,12:00,1,191,0,0,1,
2026-02-27 12:10:37,2026-02-27,12:00,1,209,0,0,1,
2026-02-27 12:10:43,2026-02-27,12:00,1,251,0,0,1,
2026-02-27 12:10:48,2026-02-27,12:00,1,376,1,0,2,
2026-02-27 12:10:53,2026-02-27,12:00,1,306,1,0,3,
2026-02-27 12:10:59,2026-02-27,12:00,1,203,0,0,3,
2026-02-27 12:11:04,2026-02-27,12:00,1,204,0,0,2,
2026-02-27 12:11:09,2026-02-27,12:00,1,197,0,0,2,
2026-02-27 12:11:14,2026-02-27,12:00,1,203,0,0,2,
2026-02-27 12:11:20,2026-02-27,12:00,1,201,0,0,2,
2026-02-27 12:11:25,2026-02-27,12:00,1,120,0,0,2,
2026-02-27 12:11:30,2026-02-27,12:00,1,289,0,0,2,
2026-02-27 12:11:35,2026-02-27,12:00,1,115,0,0,2,
2026-02-27 12:11:41,2026-02-27,12:00,1,115,0,0,1,
2026-02-27 12:11:46,2026-02-27,12:00,1,122,0,0,0,
2026-02-27 12:11:51,2026-02-27,12:00,1,247,0,0,0,
2026-02-27 12:11:56,2026-02-27,12:00,1,126,0,0,0,
2026-02-27 12:12:01,2026-02-27,12:00,1,123,0,0,0,
2026-02-27 12:12:07,2026-02-27,12:00,1,129,0,0,0,
2026-02-27 12:12:12,2026-02-27,12:00,1,188,0,0,0,
2026-02-27 12:12:17,2026-02-27,12:00,1,129,0,0,0,
2026-02-27 12:12:22,2026-02-27,12:00,1,123,0,0,0,
2026-02-27 12:12:27,2026-02-27,12:00,1,125,0,0,0,
2026-02-27 12:12:32,2026-02-27,12:00,1,780,1,0,1,
2026-02-27 12:12:38,2026-02-27,12:00,1,670,1,0,2,
2026-02-27 12:12:44,2026-02-27,12:00,1,149,0,0,2,
2026-02-27 12:12:49,2026-02-27,12:00,1,120,0,0,2,
2026-02-27 12:12:54,2026-02-27,12:00,1,137,0,0,2,
2026-02-27 12:13:00,2026-02-27,12:00,1,116,0,0,2,
2026-02-27 12:13:05,2026-02-27,12:00,1,137,0,0,2,
2026-02-27 12:13:10,2026-02-27,12:00,1,136,0,0,2,
2026-02-27 12:13:15,2026-02-27,12:00,1,119,0,0,2,
2026-02-27 12:13:20,2026-02-27,12:00,1,117,0,0,2,
2026-02-27 12:13:25,2026-02-27,12:00,1,177,0,0,1,
2026-02-27 12:13:31,2026-02-27,12:00,1,115,0,0,0,
2026-02-27 12:13:36,2026-02-27,12:00,1,123,0,0,0,
2026-02-27 12:13:41,2026-02-27,12:00,1,118,0,0,0,
2026-02-27 12:13:46,2026-02-27,12:00,1,141,0,0,0,
2026-02-27 12:13:51,2026-02-27,12:00,1,148,0,0,0,
2026-02-27 12:13:56,2026-02-27,12:00,1,163,0,0,0,
2026-02-27 12:14:02,2026-02-27,12:00,1,210,0,0,0,
2026-02-27 12:14:07,2026-02-27,12:00,1,142,0,0,0,
2026-02-27 12:14:12,2026-02-27,12:00,0,,1,1,1,
2026-02-27 12:14:20,2026-02-27,12:00,1,210,0,0,1,
2026-02-27 12:14:25,2026-02-27,12:00,0,,1,1,2,
2026-02-27 12:14:33,2026-02-27,12:00,0,,1,2,3,
2026-02-27 12:14:41,2026-02-27,12:00,1,698,1,0,4,
2026-02-27 12:14:47,2026-02-27,12:00,1,714,1,0,5,
2026-02-27 12:14:52,2026-02-27,12:00,1,328,1,0,6,
2026-02-27 12:14:58,2026-02-27,12:00,1,1547,1,0,7,latency
2026-02-27 12:15:12,2026-02-27,12:00,1,140,0,0,,
2026-02-27 12:15:17,2026-02-27,12:00,1,197,0,0,,
2026-02-27 12:15:22,2026-02-27,12:00,1,133,0,0,,
2026-02-27 12:15:27,2026-02-27,12:00,1,159,0,0,,
2026-02-27 12:15:33,2026-02-27,12:00,1,169,0,0,,
2026-02-27 12:15:38,2026-02-27,12:00,1,130,0,0,,
2026-02-27 12:15:43,2026-02-27,12:00,0,,1,1,,
2026-02-27 12:15:51,2026-02-27,12:00,1,119,0,0,,
2026-02-27 12:15:56,2026-02-27,12:00,1,142,0,0,,
2026-02-27 12:16:01,2026-02-27,12:00,1,116,0,0,1,
2026-02-27 12:16:06,2026-02-27,12:00,1,166,0,0,1,
2026-02-27 12:16:12,2026-02-27,12:00,1,159,0,0,1,
2026-02-27 12:16:17,2026-02-27,12:00,1,191,0,0,1,
2026-02-27 12:16:22,2026-02-27,12:00,1,131,0,0,1,
2026-02-27 12:16:27,2026-02-27,12:00,1,128,0,0,1,
2026-02-27 12:16:32,2026-02-27,12:00,1,132,0,0,1,
2026-02-27 12:16:38,2026-02-27,12:00,1,433,1,0,1,
2026-02-27 12:16:43,2026-02-27,12:00,1,140,0,0,1,
2026-02-27 12:16:48,2026-02-27,12:00,1,127,0,0,1,
2026-02-27 12:16:53,2026-02-27,12:00,1,127,0,0,1,
2026-02-27 12:16:59,2026-02-27,12:00,1,174,0,0,1,
2026-02-27 12:17:04,2026-02-27,12:00,1,125,0,0,1,
2026-02-27 12:17:09,2026-02-27,12:00,1,137,0,0,1,
2026-02-27 12:17:14,2026-02-27,12:00,1,212,0,0,1,
2026-02-27 12:17:19,2026-02-27,12:00,1,181,0,0,1,
2026-02-27 12:17:25,2026-02-27,12:00,1,141,0,0,1,
2026-02-27 12:17:30,2026-02-27,12:00,1,187,0,0,0,
2026-02-27 12:17:35,2026-02-27,12:00,1,148,0,0,0,
2026-02-27 12:17:40,2026-02-27,12:00,1,202,0,0,0,
2026-02-27 12:17:45,2026-02-27,12:00,1,163,0,0,0,
2026-02-27 12:17:51,2026-02-27,12:00,1,127,0,0,0,
2026-02-27 12:17:56,2026-02-27,12:00,1,318,1,0,1,
2026-02-27 12:18:01,2026-02-27,12:00,1,123,0,0,1,
2026-02-27 12:18:06,2026-02-27,12:00,1,159,0,0,1,
2026-02-27 12:18:11,2026-02-27,12:00,1,150,0,0,1,
2026-02-27 12:18:17,2026-02-27,12:00,1,159,0,0,1,
2026-02-27 12:18:22,2026-02-27,12:00,1,155,0,0,1,
2026-02-27 12:18:27,2026-02-27,12:00,1,149,0,0,1,
2026-02-27 12:18:32,2026-02-27,12:00,1,183,0,0,1,
2026-02-27 12:18:37,2026-02-27,12:00,1,172,0,0,1,
2026-02-27 12:18:43,2026-02-27,12:00,1,178,0,0,1,
2026-02-27 12:18:48,2026-02-27,12:00,1,127,0,0,0,
2026-02-27 12:18:53,2026-02-27,12:00,1,157,0,0,0,
2026-02-27 12:18:58,2026-02-27,12:00,1,187,0,0,0,
2026-02-27 12:19:04,2026-02-27,12:00,1,201,0,0,0,
2026-02-27 12:19:09,2026-02-27,12:00,1,201,0,0,0,
2026-02-27 12:19:14,2026-02-27,12:00,1,123,0,0,0,
2026-02-27 12:19:19,2026-02-27,12:00,1,119,0,0,0,
2026-02-27 12:19:24,2026-02-27,12:00,1,143,0,0,0,
2026-02-27 12:19:29,2026-02-27,12:00,1,124,0,0,0,
2026-02-27 12:19:35,2026-02-27,12:00,1,126,0,0,0,
2026-02-27 12:19:40,2026-02-27,12:00,1,123,0,0,0,
2026-02-27 12:19:45,2026-02-27,12:00,1,129,0,0,0,
2026-02-27 12:19:50,2026-02-27,12:00,1,123,0,0,0,
2026-02-27 12:19:55,2026-02-27,12:00,1,119,0,0,0,
2026-02-27 12:20:00,2026-02-27,12:00,0,,1,1,1,
2026-02-27 12:20:08,2026-02-27,12:00,1,153,0,0,1,
2026-02-27 12:20:14,2026-02-27,12:00,1,126,0,0,1,
2026-02-27 12:20:19,2026-02-27,12:00,1,123,0,0,1,
2026-02-27 12:20:24,2026-02-27,12:00,1,123,0,0,1,
2026-02-27 12:20:29,2026-02-27,12:00,1,235,0,0,1,
2026-02-27 12:20:34,2026-02-27,12:00,1,142,0,0,1,
2026-02-27 12:20:40,2026-02-27,12:00,1,136,0,0,1,
2026-02-27 12:20:45,2026-02-27,12:00,1,134,0,0,1,
2026-02-27 12:20:50,2026-02-27,12:00,1,125,0,0,1,
2026-02-27 12:20:55,2026-02-27,12:00,1,123,0,0,0,
2026-02-27 12:21:00,2026-02-27,12:00,1,134,0,0,0,
2026-02-27 12:21:05,2026-02-27,12:00,1,119,0,0,0,
2026-02-27 12:21:11,2026-02-27,12:00,0,,1,1,1,
2026-02-27 12:21:18,2026-02-27,12:00,1,243,0,0,1,
2026-02-27 12:21:24,2026-02-27,12:00,1,162,0,0,1,
2026-02-27 12:21:29,2026-02-27,12:00,1,234,0,0,1,
2026-02-27 12:21:34,2026-02-27,12:00,1,207,0,0,1,
2026-02-27 12:21:39,2026-02-27,12:00,1,209,0,0,1,
2026-02-27 12:21:45,2026-02-27,12:00,1,304,1,0,2,
2026-02-27 12:21:50,2026-02-27,12:00,0,,1,1,3,
2026-02-27 12:21:58,2026-02-27,12:00,1,253,0,0,3,
2026-02-27 12:22:03,2026-02-27,12:00,1,254,0,0,3,
2026-02-27 12:22:08,2026-02-27,12:00,1,247,0,0,2,
2026-02-27 12:22:14,2026-02-27,12:00,1,321,1,0,3,
2026-02-27 12:22:19,2026-02-27,12:00,1,213,0,0,3,
2026-02-27 12:22:24,2026-02-27,12:00,1,223,0,0,3,
2026-02-27 12:22:30,2026-02-27,12:00,1,225,0,0,3,
2026-02-27 12:22:35,2026-02-27,12:00,1,235,0,0,3,
2026-02-27 12:22:40,2026-02-27,12:00,1,227,0,0,2,
2026-02-27 12:22:45,2026-02-27,12:00,1,228,0,0,1,
2026-02-27 12:22:51,2026-02-27,12:00,1,221,0,0,1,
2026-02-27 12:22:56,2026-02-27,12:00,1,225,0,0,1,
2026-02-27 12:23:01,2026-02-27,12:00,1,241,0,0,1,
2026-02-27 12:23:06,2026-02-27,12:00,1,228,0,0,0,
2026-02-27 12:23:12,2026-02-27,12:00,1,262,0,0,0,
2026-02-27 12:23:17,2026-02-27,12:00,1,200,0,0,0,
2026-02-27 12:23:22,2026-02-27,12:00,1,211,0,0,0,
2026-02-27 12:23:28,2026-02-27,12:00,1,506,1,0,1,
2026-02-27 12:23:33,2026-02-27,12:00,1,249,0,0,1,
2026-02-27 12:23:38,2026-02-27,12:00,1,208,0,0,1,
2026-02-27 12:23:44,2026-02-27,12:00,1,208,0,0,1,
2026-02-27 12:23:49,2026-02-27,12:00,1,220,0,0,1,
2026-02-27 12:23:54,2026-02-27,12:00,1,262,0,0,1,
2026-02-27 12:23:59,2026-02-27,12:00,1,194,0,0,1,
2026-02-27 12:24:05,2026-02-27,12:00,1,233,0,0,1,
2026-02-27 12:24:10,2026-02-27,12:00,1,243,0,0,1,
2026-02-27 12:24:15,2026-02-27,12:00,1,197,0,0,1,
2026-02-27 12:24:20,2026-02-27,12:00,1,265,0,0,0,
2026-02-27 12:24:26,2026-02-27,12:00,1,260,0,0,0,
2026-02-27 12:24:31,2026-02-27,12:00,1,38,0,0,0,
2026-02-27 12:24:37,2026-02-27,12:00,1,534,1,0,1,
2026-02-27 12:24:46,2026-02-27,12:00,0,,1,1,2,
2026-02-27 12:24:54,2026-02-27,12:00,0,,1,2,3,
2026-02-27 12:25:02,2026-02-27,12:00,1,310,1,0,4,
2026-02-27 12:25:08,2026-02-27,12:00,1,230,0,0,4,
2026-02-27 12:25:13,2026-02-27,12:00,1,243,0,0,4,
2026-02-27 12:25:18,2026-02-27,12:00,1,680,1,0,5,
2026-02-27 12:25:24,2026-02-27,12:00,0,,1,1,6,
2026-02-27 12:25:32,2026-02-27,12:00,0,,1,0,7,latency
2026-02-27 12:25:47,2026-02-27,12:00,1,197,0,0,,
2026-02-27 12:25:53,2026-02-27,12:00,1,195,0,0,,
2026-02-27 12:25:58,2026-02-27,12:00,1,200,0,0,,
2026-02-27 12:26:03,2026-02-27,12:00,1,195,0,0,,
2026-02-27 12:26:08,2026-02-27,12:00,1,200,0,0,,
2026-02-27 12:26:14,2026-02-27,12:00,1,209,0,0,,
2026-02-27 12:26:19,2026-02-27,12:00,1,200,0,0,,
2026-02-27 12:26:24,2026-02-27,12:00,1,201,0,0,,
2026-02-27 12:26:29,2026-02-27,12:00,1,197,0,0,,
2026-02-27 12:26:35,2026-02-27,12:00,1,207,0,0,0,
2026-02-27 12:26:40,2026-02-27,12:00,1,219,0,0,0,
2026-02-27 12:26:45,2026-02-27,12:00,1,2010,1,0,1,
2026-02-27 12:26:52,2026-02-27,12:00,0,,1,1,2,
2026-02-27 12:27:00,2026-02-27,12:00,0,,1,2,3,
2026-02-27 12:27:08,2026-02-27,12:00,0,,1,3,4,
2026-02-27 12:27:16,2026-02-27,12:00,0,,1,0,,failures
2026-02-27 12:27:33,2026-02-27,12:00,0,,1,1,,
2026-02-27 12:27:38,2026-02-27,12:00,0,,1,2,,
2026-02-27 12:27:43,2026-02-27,12:00,0,,1,3,,
2026-02-27 12:27:48,2026-02-27,12:00,0,,1,0,,failures
2026-02-27 12:28:01,2026-02-27,12:00,1,235,0,0,,
2026-02-27 12:28:06,2026-02-27,12:00,0,,1,1,,
2026-02-27 12:28:14,2026-02-27,12:00,0,,1,2,,
2026-02-27 12:28:22,2026-02-27,12:00,0,,1,3,,
2026-02-27 12:28:30,2026-02-27,12:00,0,,1,0,,failures
2026-02-27 12:28:45,2026-02-27,12:00,0,,1,1,,
2026-02-27 12:28:50,2026-02-27,12:00,0,,1,2,,
2026-02-27 12:28:55,2026-02-27,12:00,0,,1,3,,
2026-02-27 12:29:00,2026-02-27,12:00,0,,1,0,,failures
2026-02-27 12:29:13,2026-02-27,12:00,0,,1,1,,
2026-02-27 12:29:18,2026-02-27,12:00,1,162,0,0,,
2026-02-27 12:29:23,2026-02-27,12:00,1,167,0,0,,
2026-02-27 12:29:28,2026-02-27,12:00,1,130,0,0,,
2026-02-27 12:29:34,2026-02-27,12:00,1,142,0,0,,
2026-02-27 12:29:39,2026-02-27,12:00,1,151,0,0,,
2026-02-27 12:29:44,2026-02-27,12:00,1,126,0,0,,
2026-02-27 12:29:49,2026-02-27,12:00,1,124,0,0,,
2026-02-27 12:29:54,2026-02-27,12:00,1,180,0,0,,
2026-02-27 12:29:59,2026-02-27,12:00,1,125,0,0,1,
2026-02-27 12:30:05,2026-02-27,12:00,1,125,0,0,0,
2026-02-27 12:30:10,2026-02-27,12:00,1,212,0,0,0,
2026-02-27 12:30:15,2026-02-27,12:00,1,136,0,0,0,
2026-02-27 12:30:20,2026-02-27,12:00,1,140,0,0,0,
2026-02-27 12:30:25,2026-02-27,12:00,1,134,0,0,0,
2026-02-27 12:30:31,2026-02-27,12:00,1,124,0,0,0,
2026-02-27 12:30:36,2026-02-27,12:00,1,142,0,0,0,
2026-02-27 12:30:41,2026-02-27,12:00,1,122,0,0,0,
2026-02-27 12:30:46,2026-02-27,12:00,1,119,0,0,0,
2026-02-27 12:30:51,2026-02-27,12:00,1,136,0,0,0,
2026-02-27 12:30:56,2026-02-27,12:00,1,190,0,0,0,
2026-02-27 12:31:02,2026-02-27,12:00,1,120,0,0,0,
2026-02-27 12:31:07,2026-02-27,12:00,1,179,0,0,0,
2026-02-27 12:31:12,2026-02-27,12:00,1,126,0,0,0,
2026-02-27 12:31:17,2026-02-27,12:00,1,136,0,0,0,
2026-02-27 12:31:22,2026-02-27,12:00,1,243,0,0,0,
2026-02-27 12:31:28,2026-02-27,12:00,1,244,0,0,0,
2026-02-27 12:31:33,2026-02-27,12:00,1,197,0,0,0,
2026-02-27 12:31:38,2026-02-27,12:00,1,231,0,0,0,
2026-02-27 12:31:44,2026-02-27,12:00,0,,1,1,1,
2026-02-27 12:31:51,2026-02-27,12:00,1,235,0,0,1,
2026-02-27 12:31:57,2026-02-27,12:00,1,201,0,0,1,
2026-02-27 12:32:02,2026-02-27,12:00,1,217,0,0,1,
2026-02-27 12:32:07,2026-02-27,12:00,1,211,0,0,1,
2026-02-27 12:32:12,2026-02-27,12:00,1,228,0,0,1,
2026-02-27 12:32:18,2026-02-27,12:00,1,198,0,0,1,
2026-02-27 12:32:23,2026-02-27,12:00,1,214,0,0,1,
2026-02-27 12:32:28,2026-02-27,12:00,1,262,0,0,1,
2026-02-27 12:32:33,2026-02-27,12:00,1,203,0,0,1,
2026-02-27 12:32:39,2026-02-27,12:00,1,197,0,0,0,
2026-02-27 12:32:44,2026-02-27,12:00,1,269,0,0,0,
2026-02-27 12:32:49,2026-02-27,12:00,1,227,0,0,0,
2026-02-27 12:32:54,2026-02-27,12:00,1,200,0,0,0,
2026-02-27 12:33:00,2026-02-27,12:00,1,234,0,0,0,
2026-02-27 12:33:05,2026-02-27,12:00,1,280,0,0,0,
2026-02-27 12:33:10,2026-02-27,12:00,1,222,0,0,0,
2026-02-27 12:33:16,2026-02-27,12:00,1,324,1,0,1,
2026-02-27 12:33:21,2026-02-27,12:00,1,217,0,0,1,
2026-02-27 12:33:26,2026-02-27,12:00,1,203,0,0,1,
2026-02-27 12:33:31,2026-02-27,12:00,1,200,0,0,1,
2026-02-27 12:33:37,2026-02-27,12:00,1,219,0,0,1,
2026-02-27 12:33:42,2026-02-27,12:00,1,212,0,0,1,
2026-02-27 12:33:47,2026-02-27,12:00,1,200,0,0,1,
2026-02-27 12:33:52,2026-02-27,12:00,1,280,0,0,1,
2026-02-27 12:33:58,2026-02-27,12:00,1,229,0,0,1,
2026-02-27 12:34:03,2026-02-27,12:00,1,209,0,0,1,
2026-02-27 12:34:08,2026-02-27,12:00,1,281,0,0,0,
2026-02-27 12:34:14,2026-02-27,12:00,1,248,0,0,0,
2026-02-27 12:34:19,2026-02-27,12:00,1,265,0,0,0,
2026-02-27 12:34:24,2026-02-27,12:00,1,203,0,0,0,
2026-02-27 12:34:29,2026-02-27,12:00,1,220,0,0,0,
2026-02-27 12:34:35,2026-02-27,12:00,1,310,1,0,1,
2026-02-27 12:34:40,2026-02-27,12:00,1,276,0,0,1,
2026-02-27 12:34:45,2026-02-27,12:00,1,247,0,0,1,
2026-02-27 12:34:51,2026-02-27,12:00,1,206,0,0,1,
2026-02-27 12:34:56,2026-02-27,12:00,1,214,0,0,1,
2026-02-27 12:35:01,2026-02-27,12:00,1,246,0,0,1,
2026-02-27 12:35:06,2026-02-27,12:00,1,208,0,0,1,
2026-02-27 12:35:12,2026-02-27,12:00,1,235,0,0,1,
2026-02-27 12:35:17,2026-02-27,12:00,1,263,0,0,1,
2026-02-27 12:35:22,2026-02-27,12:00,1,242,0,0,1,
2026-02-27 12:35:28,2026-02-27,12:00,1,204,0,0,0,
2026-02-27 12:35:33,2026-02-27,12:00,1,246,0,0,0,
2026-02-27 12:35:38,2026-02-27,12:00,1,229,0,0,0,
2026-02-27 12:35:43,2026-02-27,12:00,1,204,0,0,0,
2026-02-27 12:35:49,2026-02-27,12:00,1,201,0,0,0,
2026-02-27 12:35:54,2026-02-27,12:00,1,206,0,0,0,
2026-02-27 12:35:59,2026-02-27,12:00,1,263,0,0,0,
2026-02-27 12:36:04,2026-02-27,12:00,1,223,0,0,0,
2026-02-27 12:36:10,2026-02-27,12:00,1,199,0,0,0,
2026-02-27 12:36:15,2026-02-27,12:00,1,216,0,0,0,
2026-02-27 12:36:20,2026-02-27,12:00,1,128,0,0,0,
2026-02-27 12:36:25,2026-02-27,12:00,1,155,0,0,0,
2026-02-27 12:36:31,2026-02-27,12:00,1,176,0,0,0,
2026-02-27 12:36:36,2026-02-27,12:00,1,149,0,0,0,
2026-02-27 12:36:41,2026-02-27,12:00,1,122,0,0,0,
2026-02-27 12:36:46,2026-02-27,12:00,1,122,0,0,0,
2026-02-27 12:36:51,2026-02-27,12:00,1,116,0,0,0,
2026-02-27 12:36:57,2026-02-27,12:00,1,160,0,0,0,
2026-02-27 12:37:02,2026-02-27,12:00,1,142,0,0,0,
2026-02-27 12:37:07,2026-02-27,12:00,1,196,0,0,0,
2026-02-27 12:37:12,2026-02-27,12:00,1,124,0,0,0,
2026-02-27 12:37:17,2026-02-27,12:00,1,118,0,0,0,
2026-02-27 12:37:22,2026-02-27,12:00,1,145,0,0,0,
2026-02-27 12:37:28,2026-02-27,12:00,1,209,0,0,0,
2026-02-27 12:37:33,2026-02-27,12:00,1,116,0,0,0,
2026-02-27 12:37:38,2026-02-27,12:00,1,119,0,0,0,
2026-02-27 12:37:43,2026-02-27,12:00,1,141,0,0,0,
2026-02-27 12:37:48,2026-02-27,12:00,1,139,0,0,0,
2026-02-27 12:37:54,2026-02-27,12:00,1,117,0,0,0,
2026-02-27 12:37:59,2026-02-27,12:00,1,126,0,0,0,
2026-02-27 12:38:04,2026-02-27,12:00,1,120,0,0,0,
2026-02-27 12:38:09,2026-02-27,12:00,1,1870,1,0,1,
2026-02-27 12:38:16,2026-02-27,12:00,1,222,0,0,1,
2026-02-27 12:38:21,2026-02-27,12:00,1,1980,1,0,2,
2026-02-27 12:38:28,2026-02-27,12:00,1,109,0,0,2,
2026-02-27 12:38:33,2026-02-27,12:00,1,1452,1,0,3,
2026-02-27 12:38:40,2026-02-27,12:00,1,127,0,0,3,
2026-02-27 12:38:45,2026-02-27,12:00,0,,1,1,4,
2026-02-27 12:38:53,2026-02-27,12:00,1,197,0,0,4,
2026-02-27 12:38:58,2026-02-27,12:00,1,156,0,0,4,
2026-02-27 12:39:03,2026-02-27,12:00,1,225,0,0,4,
2026-02-27 12:39:09,2026-02-27,12:00,1,1461,1,0,4,
2026-02-27 12:39:15,2026-02-27,12:00,1,139,0,0,4,
2026-02-27 12:39:20,2026-02-27,12:00,1,177,0,0,3,
2026-02-27 12:39:25,2026-02-27,12:00,1,139,0,0,3,
2026-02-27 12:39:31,2026-02-27,12:00,1,700,1,0,3,
2026-02-27 12:39:36,2026-02-27,12:00,0,,1,1,4,
2026-02-27 12:39:44,2026-02-27,12:00,0,,1,2,4,
2026-02-27 12:39:52,2026-02-27,12:00,0,,1,3,5,
2026-02-27 12:40:00,2026-02-27,12:00,0,,1,0,,failures
2026-02-27 12:40:19,2026-02-27,12:00,0,,1,1,,
2026-02-27 12:40:27,2026-02-27,12:00,0,,1,2,,
2026-02-27 12:40:35,2026-02-27,12:00,0,,1,3,,
2026-02-27 12:40:45,2026-02-27,12:00,0,,1,0,,failures
2026-02-27 12:40:55,2026-02-27,12:00,1,1193,1,0,,
2026-02-27 12:41:02,2026-02-27,12:00,0,,1,1,,
2026-02-27 12:41:12,2026-02-27,12:00,0,,1,2,,
2026-02-27 12:41:20,2026-02-27,12:00,0,,1,3,,
2026-02-27 12:41:28,2026-02-27,12:00,0,,1,0,,failures
2026-02-27 12:41:47,2026-02-27,12:00,0,,1,1,,
2026-02-27 12:41:57,2026-02-27,12:00,0,,1,2,,
2026-02-27 12:42:02,2026-02-27,12:00,0,,1,3,,
2026-02-27 12:42:07,2026-02-27,12:00,0,,1,0,,failures
2026-02-27 12:42:19,2026-02-27,12:00,0,,1,1,,
2026-02-27 12:42:24,2026-02-27,12:00,0,,1,2,,
2026-02-27 12:42:29,2026-02-27,12:00,0,,1,3,,
2026-02-27 12:42:39,2026-02-27,12:00,0,,1,0,,failures
2026-02-27 12:42:47,2026-02-27,12:00,0,,1,1,,
2026-02-27 12:42:57,2026-02-27,12:00,0,,1,2,,
2026-02-27 12:43:02,2026-02-27,12:00,1,175,0,0,,
2026-02-27 12:43:08,2026-02-27,12:00,1,498,1,0,,
2026-02-27 12:43:13,2026-02-27,12:00,1,65,0,0,,
2026-02-27 12:43:18,2026-02-27,12:00,1,28,0,0,,
2026-02-27 12:43:23,2026-02-27,12:00,1,24,0,0,,
2026-02-27 12:43:28,2026-02-27,12:00,1,33,0,0,,
2026-02-27 12:43:33,2026-02-27,12:00,1,62,0,0,,
2026-02-27 12:43:38,2026-02-27,12:00,1,1874,1,0,4,
2026-02-27 12:43:45,2026-02-27,12:00,1,46,0,0,3,
2026-02-27 12:43:51,2026-02-27,12:00,1,54,0,0,2,
2026-02-27 12:43:56,2026-02-27,12:00,1,76,0,0,2,
2026-02-27 12:44:01,2026-02-27,12:00,1,33,0,0,1,
2026-02-27 12:44:06,2026-02-27,12:00,1,25,0,0,1,
2026-02-27 12:44:11,2026-02-27,12:00,1,26,0,0,1,
2026-02-27 12:44:16,2026-02-27,12:00,1,35,0,0,1,
2026-02-27 12:44:21,2026-02-27,12:00,1,88,0,0,1,
2026-02-27 12:44:26,2026-02-27,12:00,1,97,0,0,1,
2026-02-27 12:44:31,2026-02-27,12:00,1,87,0,0,0,
2026-02-27 12:44:37,2026-02-27,12:00,1,116,0,0,0,
2026-02-27 12:44:42,2026-02-27,12:00,1,127,0,0,0,
2026-02-27 12:44:47,2026-02-27,12:00,1,120,0,0,0,
2026-02-27 12:44:52,2026-02-27,12:00,1,127,0,0,0,
2026-02-27 12:44:57,2026-02-27,12:00,1,131,0,0,0,
2026-02-27 12:45:02,2026-02-27,12:00,1,116,0,0,0,
2026-02-27 12:45:08,2026-02-27,12:00,1,122,0,0,0,
2026-02-27 12:45:13,2026-02-27,12:00,1,123,0,0,0,
2026-02-27 12:45:18,2026-02-27,12:00,1,150,0,0,0,
2026-02-27 12:45:23,2026-02-27,12:00,1,161,0,0,0,
2026-02-27 12:45:28,2026-02-27,12:00,1,122,0,0,0,
2026-02-27 12:45:33,2026-02-27,12:00,1,141,0,0,0,
2026-02-27 12:45:39,2026-02-27,12:00,1,155,0,0,0,
2026-02-27 12:45:44,2026-02-27,12:00,1,126,0,0,0,
2026-02-27 12:45:49,2026-02-27,12:00,1,136,0,0,0,
2026-02-27 12:45:54,2026-02-27,12:00,1,132,0,0,0,
2026-02-27 12:45:59,2026-02-27,12:00,1,212,0,0,0,
2026-02-27 12:46:05,2026-02-27,12:00,1,200,0,0,0,
2026-02-27 12:46:10,2026-02-27,12:00,1,224,0,0,0,
2026-02-27 12:46:15,2026-02-27,12:00,1,137,0,0,0,
2026-02-27 12:46:20,2026-02-27,12:00,1,123,0,0,0,
2026-02-27 12:46:26,2026-02-27,12:00,1,178,0,0,0,
2026-02-27 12:46:31,2026-02-27,12:00,1,121,0,0,0,
2026-02-27 12:46:36,2026-02-27,12:00,1,116,0,0,0,
2026-02-27 12:46:41,2026-02-27,12:00,1,138,0,0,0,
2026-02-27 12:46:46,2026-02-27,12:00,1,203,0,0,0,
2026-02-27 12:46:51,2026-02-27,12:00,1,122,0,0,0,
2026-02-27 12:46:57,2026-02-27,12:00,1,125,0,0,0,
2026-02-27 12:47:02,2026-02-27,12:00,1,126,0,0,0,
2026-02-27 12:47:07,2026-02-27,12:00,1,127,0,0,0,
2026-02-27 12:47:12,2026-02-27,12:00,1,119,0,0,0,
2026-02-27 12:47:17,2026-02-27,12:00,1,130,0,0,0,
2026-02-27 12:47:22,2026-02-27,12:00,1,165,0,0,0,
2026-02-27 12:47:28,2026-02-27,12:00,1,116,0,0,0,
2026-02-27 12:47:33,2026-02-27,12:00,1,123,0,0,0,
2026-02-27 12:47:38,2026-02-27,12:00,1,126,0,0,0,
2026-02-27 12:47:43,2026-02-27,12:00,1,682,1,0,1,
2026-02-27 12:47:49,2026-02-27,12:00,1,113,0,0,1,
2026-02-27 12:47:54,2026-02-27,12:00,1,827,1,0,2,
2026-02-27 12:48:00,2026-02-27,12:00,1,138,0,0,2,
2026-02-27 12:48:05,2026-02-27,12:00,1,211,0,0,2,
2026-02-27 12:48:10,2026-02-27,12:00,1,603,1,0,3,
2026-02-27 12:48:16,2026-02-27,12:00,1,189,0,0,3,
2026-02-27 12:48:21,2026-02-27,12:00,0,,1,1,4,
2026-02-27 12:48:29,2026-02-27,12:00,0,,1,2,5,
2026-02-27 12:48:37,2026-02-27,12:00,1,151,0,0,5,
2026-02-27 12:48:42,2026-02-27,12:00,1,207,0,0,4,
2026-02-27 12:48:47,2026-02-27,12:00,1,160,0,0,4,
2026-02-27 12:48:52,2026-02-27,12:00,1,142,0,0,3,
2026-02-27 12:48:58,2026-02-27,12:00,1,158,0,0,3,
2026-02-27 12:49:03,2026-02-27,12:00,1,141,0,0,3,
2026-02-27 12:49:08,2026-02-27,12:00,1,142,0,0,2,
2026-02-27 12:49:13,2026-02-27,12:00,1,194,0,0,2,
2026-02-27 12:49:18,2026-02-27,12:00,1,120,0,0,1,
2026-02-27 12:49:24,2026-02-27,12:00,1,125,0,0,0,
2026-02-27 12:49:29,2026-02-27,12:00,1,127,0,0,0,
2026-02-27 12:49:34,2026-02-27,12:00,1,145,0,0,0,
2026-02-27 12:49:39,2026-02-27,12:00,1,128,0,0,0,
2026-02-27 12:49:44,2026-02-27,12:00,1,123,0,0,0,
2026-02-27 12:49:49,2026-02-27,12:00,1,140,0,0,0,
2026-02-27 12:49:55,2026-02-27,12:00,1,132,0,0,0,
2026-02-27 12:50:00,2026-02-27,12:00,1,128,0,0,0,
2026-02-27 12:50:05,2026-02-27,12:00,1,127,0,0,0,
2026-02-27 12:50:10,2026-02-27,12:00,1,167,0,0,0,
2026-02-27 12:50:15,2026-02-27,12:00,1,135,0,0,0,
2026-02-27 12:50:21,2026-02-27,12:00,1,157,0,0,0,
2026-02-27 12:50:26,2026-02-27,12:00,1,118,0,0,0,
2026-02-27 12:50:31,2026-02-27,12:00,1,123,0,0,0,
2026-02-27 12:50:36,2026-02-27,12:00,1,143,0,0,0,
2026-02-27 12:50:41,2026-02-27,12:00,1,115,0,0,0,
2026-02-27 12:50:46,2026-02-27,12:00,1,156,0,0,0,
2026-02-27 12:50:52,2026-02-27,12:00,1,209,0,0,0,
2026-02-27 12:50:57,2026-02-27,12:00,1,130,0,0,0,
2026-02-27 12:51:02,2026-02-27,12:00,1,123,0,0,0,
2026-02-27 12:51:07,2026-02-27,12:00,1,123,0,0,0,
2026-02-27 12:51:12,2026-02-27,12:00,1,126,0,0,0,
2026-02-27 12:51:18,2026-02-27,12:00,1,121,0,0,0,
2026-02-27 12:51:23,2026-02-27,12:00,1,128,0,0,0,
2026-02-27 12:51:28,2026-02-27,12:00,1,118,0,0,0,
2026-02-27 12:51:33,2026-02-27,12:00,1,121,0,0,0,
2026-02-27 12:51:38,2026-02-27,12:00,1,347,1,0,1,
2026-02-27 12:51:44,2026-02-27,12:00,1,123,0,0,1,
2026-02-27 12:51:49,2026-02-27,12:00,1,120,0,0,1,
2026-02-27 12:51:54,2026-02-27,12:00,1,126,0,0,1,
2026-02-27 12:51:59,2026-02-27,12:00,1,121,0,0,1,
2026-02-27 12:52:04,2026-02-27,12:00,1,131,0,0,1,
2026-02-27 12:52:09,2026-02-27,12:00,1,127,0,0,1,
2026-02-27 12:52:15,2026-02-27,12:00,1,124,0,0,1,
2026-02-27 12:52:20,2026-02-27,12:00,1,163,0,0,1,
2026-02-27 12:52:25,2026-02-27,12:00,1,116,0,0,1,
2026-02-27 12:52:30,2026-02-27,12:00,1,180,0,0,0,
2026-02-27 12:52:35,2026-02-27,12:00,1,797,1,0,1,
2026-02-27 12:52:41,2026-02-27,12:00,1,179,0,0,1,
2026-02-27 12:52:46,2026-02-27,12:00,1,150,0,0,1,
2026-02-27 12:52:52,2026-02-27,12:00,1,168,0,0,1,
2026-02-27 12:52:57,2026-02-27,12:00,1,781,1,0,2,
2026-02-27 12:53:03,2026-02-27,12:00,1,117,0,0,2,
2026-02-27 12:53:08,2026-02-27,12:00,1,1533,1,0,3,
2026-02-27 12:53:14,2026-02-27,12:00,1,139,0,0,3,
2026-02-27 12:53:19,2026-02-27,12:00,1,1971,1,0,4,
2026-02-27 12:53:26,2026-02-27,12:00,1,178,0,0,4,
2026-02-27 12:53:32,2026-02-27,12:00,1,399,1,0,4,
2026-02-27 12:53:37,2026-02-27,12:00,1,212,0,0,4,
2026-02-27 12:53:42,2026-02-27,12:00,1,123,0,0,4,
2026-02-27 12:53:48,2026-02-27,12:00,1,1167,1,0,5,
2026-02-27 12:53:54,2026-02-27,12:00,1,619,1,0,5,
2026-02-27 12:53:59,2026-02-27,12:00,1,998,1,0,6,
2026-02-27 12:54:05,2026-02-27,12:00,1,186,0,0,5,
2026-02-27 12:54:11,2026-02-27,12:00,1,345,1,0,6,
2026-02-27 12:54:16,2026-02-27,12:00,1,177,0,0,5,
2026-02-27 12:54:21,2026-02-27,12:00,1,143,0,0,5,
2026-02-27 12:54:26,2026-02-27,12:00,1,134,0,0,4,
2026-02-27 12:54:32,2026-02-27,12:00,1,148,0,0,4,
2026-02-27 12:54:37,2026-02-27,12:00,1,137,0,0,4,
2026-02-27 12:54:42,2026-02-27,12:00,1,141,0,0,3,
2026-02-27 12:54:47,2026-02-27,12:00,1,127,0,0,2,
2026-02-27 12:54:52,2026-02-27,12:00,1,117,0,0,1,
2026-02-27 12:54:57,2026-02-27,12:00,1,126,0,0,1,
2026-02-27 12:55:03,2026-02-27,12:00,1,181,0,0,0,
2026-02-27 12:55:08,2026-02-27,12:00,1,123,0,0,0,
2026-02-27 12:55:13,2026-02-27,12:00,1,157,0,0,0,
2026-02-27 12:55:18,2026-02-27,12:00,1,122,0,0,0,
2026-02-27 12:55:24,2026-02-27,12:00,1,128,0,0,0,
2026-02-27 12:55:29,2026-02-27,12:00,1,130,0,0,0,
2026-02-27 12:55:34,2026-02-27,12:00,1,171,0,0,0,
2026-02-27 12:55:39,2026-02-27,12:00,1,244,0,0,0,
2026-02-27 12:55:45,2026-02-27,12:00,1,174,0,0,0,
2026-02-27 12:55:50,2026-02-27,12:00,1,1465,1,0,1,
2026-02-27 12:55:56,2026-02-27,12:00,1,145,0,0,1,
2026-02-27 12:56:02,2026-02-27,12:00,1,122,0,0,1,
2026-02-27 12:56:07,2026-02-27,12:00,1,114,0,0,1,
2026-02-27 12:56:12,2026-02-27,12:00,1,120,0,0,1,
2026-02-27 12:56:17,2026-02-27,12:00,1,135,0,0,1,
2026-02-27 12:56:22,2026-02-27,12:00,1,195,0,0,1,
2026-02-27 12:56:27,2026-02-27,12:00,1,298,0,0,1,
2026-02-27 12:56:33,2026-02-27,12:00,1,279,0,0,1,
2026-02-27 12:56:38,2026-02-27,12:00,1,1111,1,0,2,
2026-02-27 12:56:44,2026-02-27,12:00,1,223,0,0,1,
2026-02-27 12:56:50,2026-02-27,12:00,1,462,1,0,2,
2026-02-27 12:56:55,2026-02-27,12:00,1,225,0,0,2,
2026-02-27 12:57:00,2026-02-27,12:00,1,353,1,0,3,
2026-02-27 12:57:06,2026-02-27,12:00,1,207,0,0,3,
2026-02-27 12:57:11,2026-02-27,12:00,1,232,0,0,3,
2026-02-27 12:57:16,2026-02-27,12:00,1,201,0,0,3,
2026-02-27 12:57:21,2026-02-27,12:00,1,257,0,0,3,
2026-02-27 12:57:27,2026-02-27,12:00,1,212,0,0,3,
2026-02-27 12:57:32,2026-02-27,12:00,1,273,0,0,2,
2026-02-27 12:57:37,2026-02-27,12:00,1,249,0,0,2,
2026-02-27 12:57:43,2026-02-27,12:00,1,226,0,0,1,
2026-02-27 12:57:48,2026-02-27,12:00,1,214,0,0,1,
2026-02-27 12:57:53,2026-02-27,12:00,1,266,0,0,0,
2026-02-27 12:57:58,2026-02-27,12:00,1,204,0,0,0,
2026-02-27 12:58:04,2026-02-27,12:00,1,206,0,0,0,
2026-02-27 12:58:09,2026-02-27,12:00,1,247,0,0,0,
2026-02-27 12:58:14,2026-02-27,12:00,1,208,0,0,0,
2026-02-27 12:58:19,2026-02-27,12:00,1,205,0,0,0,
2026-02-27 12:58:25,2026-02-27,12:00,1,200,0,0,0,
2026-02-27 12:58:30,2026-02-27,12:00,1,283,0,0,0,
2026-02-27 12:58:35,2026-02-27,12:00,1,217,0,0,0,
2026-02-27 12:58:40,2026-02-27,12:00,1,218,0,0,0,
2026-02-27 12:58:46,2026-02-27,12:00,1,255,0,0,0,
2026-02-27 12:58:51,2026-02-27,12:00,1,275,0,0,0,
2026-02-27 12:58:56,2026-02-27,12:00,1,234,0,0,0,
2026-02-27 12:59:02,2026-02-27,12:00,1,205,0,0,0,
2026-02-27 12:59:07,2026-02-27,12:00,1,250,0,0,0,
2026-02-27 12:59:12,2026-02-27,12:00,1,232,0,0,0,
2026-02-27 12:59:17,2026-02-27,12:00,1,199,0,0,0,
2026-02-27 12:59:23,2026-02-27,12:00,1,233,0,0,0,
2026-02-27 12:59:28,2026-02-27,12:00,1,223,0,0,0,
2026-02-27 12:59:33,2026-02-27,12:00,1,209,0,0,0,
2026-02-27 12:59:38,2026-02-27,12:00,1,310,1,0,1,
2026-02-27 12:59:44,2026-02-27,12:00,1,303,1,0,2,
2026-02-27 12:59:49,2026-02-27,12:00,1,173,0,0,2,
2026-02-27 12:59:54,2026-02-27,12:00,1,146,0,0,2,
2026-02-27 12:59:59,2026-02-27,12:00,1,146,0,0,2,
2026-02-27 13:00:05,2026-02-27,13:00,1,131,0,0,2,
2026-02-27 13:00:10,2026-02-27,13:00,1,33,0,0,2,
2026-02-27 13:00:15,2026-02-27,13:00,1,58,0,0,2,
2026-02-27 13:00:20,2026-02-27,13:00,1,208,0,0,2,
2026-02-27 13:00:25,2026-02-27,13:00,1,205,0,0,2,
2026-02-27 13:00:31,2026-02-27,13:00,1,263,0,0,1,
2026-02-27 13:00:36,2026-02-27,13:00,1,200,0,0,0,
2026-02-27 13:00:41,2026-02-27,13:00,1,259,0,0,0,
2026-02-27 13:00:46,2026-02-27,13:00,1,222,0,0,0,
2026-02-27 13:00:52,2026-02-27,13:00,1,213,0,0,0,
2026-02-27 13:00:57,2026-02-27,13:00,1,423,1,0,1,
2026-02-27 13:01:02,2026-02-27,13:00,1,299,0,0,1,
2026-02-27 13:01:08,2026-02-27,13:00,0,,1,1,2,
2026-02-27 13:01:15,2026-02-27,13:00,1,252,0,0,2,
2026-02-27 13:01:21,2026-02-27,13:00,1,148,0,0,2,
2026-02-27 13:01:26,2026-02-27,13:00,1,500,1,0,3,
2026-02-27 13:01:31,2026-02-27,13:00,1,220,0,0,3,
2026-02-27 13:01:37,2026-02-27,13:00,1,256,0,0,3,
2026-02-27 13:01:42,2026-02-27,13:00,1,207,0,0,3,
2026-02-27 13:01:47,2026-02-27,13:00,1,183,0,0,3,
2026-02-27 13:01:52,2026-02-27,13:00,1,216,0,0,2,
2026-02-27 13:01:58,2026-02-27,13:00,1,184,0,0,2,
2026-02-27 13:02:03,2026-02-27,13:00,1,124,0,0,1,
2026-02-27 13:02:08,2026-02-27,13:00,1,149,0,0,1,
2026-02-27 13:02:13,2026-02-27,13:00,1,153,0,0,1,
2026-02-27 13:02:18,2026-02-27,13:00,1,130,0,0,0,
2026-02-27 13:02:24,2026-02-27,13:00,1,130,0,0,0,
2026-02-27 13:02:29,2026-02-27,13:00,1,131,0,0,0,
2026-02-27 13:02:34,2026-02-27,13:00,1,172,0,0,0,
2026-02-27 13:02:39,2026-02-27,13:00,1,130,0,0,0,
2026-02-27 13:02:44,2026-02-27,13:00,1,119,0,0,0,
2026-02-27 13:02:49,2026-02-27,13:00,1,129,0,0,0,
2026-02-27 13:02:55,2026-02-27,13:00,1,131,0,0,0,
2026-02-27 13:03:00,2026-02-27,13:00,1,181,0,0,0,
2026-02-27 13:03:05,2026-02-27,13:00,1,122,0,0,0,
2026-02-27 13:03:10,2026-02-27,13:00,1,156,0,0,0,
2026-02-27 13:03:15,2026-02-27,13:00,1,127,0,0,0,
2026-02-27 13:03:20,2026-02-27,13:00,1,114,0,0,0,
2026-02-27 13:03:26,2026-02-27,13:00,1,124,0,0,0,
2026-02-27 13:03:31,2026-02-27,13:00,1,137,0,0,0,
2026-02-27 13:03:36,2026-02-27,13:00,1,143,0,0,0,
2026-02-27 13:03:41,2026-02-27,13:00,1,164,0,0,0,
2026-02-27 13:03:46,2026-02-27,13:00,1,116,0,0,0,
2026-02-27 13:03:51,2026-02-27,13:00,1,206,0,0,0,
2026-02-27 13:03:57,2026-02-27,13:00,1,155,0,0,0,
2026-02-27 13:04:02,2026-02-27,13:00,1,150,0,0,0,
2026-02-27 13:04:07,2026-02-27,13:00,1,156,0,0,0,
2026-02-27 13:04:12,2026-02-27,13:00,1,121,0,0,0,
2026-02-27 13:04:17,2026-02-27,13:00,1,141,0,0,0,
2026-02-27 13:04:23,2026-02-27,13:00,1,188,0,0,0,
2026-02-27 13:04:28,2026-02-27,13:00,1,153,0,0,0,
2026-02-27 13:04:33,2026-02-27,13:00,1,160,0,0,0,
2026-02-27 13:04:38,2026-02-27,13:00,1,117,0,0,0,
2026-02-27 13:04:43,2026-02-27,13:00,1,124,0,0,0,
2026-02-27 13:04:49,2026-02-27,13:00,1,113,0,0,0,
2026-02-27 13:04:54,2026-02-27,13:00,1,169,0,0,0,
2026-02-27 13:04:59,2026-02-27,13:00,1,266,0,0,0,
2026-02-27 13:05:04,2026-02-27,13:00,1,232,0,0,0,
2026-02-27 13:05:09,2026-02-27,13:00,1,218,0,0,0,
2026-02-27 13:05:15,2026-02-27,13:00,1,124,0,0,0,
2026-02-27 13:05:20,2026-02-27,13:00,1,146,0,0,0,
2026-02-27 13:05:25,2026-02-27,13:00,1,163,0,0,0,
2026-02-27 13:05:30,2026-02-27,13:00,1,147,0,0,0,
2026-02-27 13:05:35,2026-02-27,13:00,1,136,0,0,0,
2026-02-27 13:05:41,2026-02-27,13:00,1,119,0,0,0,
2026-02-27 13:05:46,2026-02-27,13:00,1,130,0,0,0,
2026-02-27 13:05:51,2026-02-27,13:00,1,194,0,0,0,
2026-02-27 13:05:56,2026-02-27,13:00,1,156,0,0,0,
2026-02-27 13:06:01,2026-02-27,13:00,1,234,0,0,0,
2026-02-27 13:06:07,2026-02-27,13:00,1,187,0,0,0,
2026-02-27 13:06:12,2026-02-27,13:00,1,129,0,0,0,
2026-02-27 13:06:17,2026-02-27,13:00,1,198,0,0,0,
2026-02-27 13:06:22,2026-02-27,13:00,1,123,0,0,0,
2026-02-27 13:06:28,2026-02-27,13:00,1,130,0,0,0,
2026-02-27 13:06:33,2026-02-27,13:00,1,124,0,0,0,
2026-02-27 13:06:38,2026-02-27,13:00,1,134,0,0,0,
2026-02-27 13:06:43,2026-02-27,13:00,1,198,0,0,0,
2026-02-27 13:06:48,2026-02-27,13:00,1,187,0,0,0,
2026-02-27 13:06:54,2026-02-27,13:00,1,118,0,0,0,
2026-02-27 13:06:59,2026-02-27,13:00,1,133,0,0,0,
2026-02-27 13:07:04,2026-02-27,13:00,1,142,0,0,0,
2026-02-27 13:07:09,2026-02-27,13:00,1,121,0,0,0,
2026-02-27 13:07:14,2026-02-27,13:00,1,209,0,0,0,
2026-02-27 13:07:19,2026-02-27,13:00,1,136,0,0,0,
2026-02-27 13:07:25,2026-02-27,13:00,1,123,0,0,0,
2026-02-27 13:07:30,2026-02-27,13:00,1,158,0,0,0,
2026-02-27 13:07:35,2026-02-27,13:00,1,176,0,0,0,
2026-02-27 13:07:40,2026-02-27,13:00,1,122,0,0,0,
2026-02-27 13:07:45,2026-02-27,13:00,1,170,0,0,0,
2026-02-27 13:07:51,2026-02-27,13:00,1,174,0,0,0,
2026-02-27 13:07:56,2026-02-27,13:00,1,163,0,0,0,
2026-02-27 13:08:01,2026-02-27,13:00,1,140,0,0,0,
2026-02-27 13:08:06,2026-02-27,13:00,1,118,0,0,0,
2026-02-27 13:08:11,2026-02-27,13:00,1,229,0,0,0,
2026-02-27 13:08:16,2026-02-27,13:00,1,234,0,0,0,
2026-02-27 13:08:22,2026-02-27,13:00,1,191,0,0,0,
2026-02-27 13:08:27,2026-02-27,13:00,1,138,0,0,0,
2026-02-27 13:08:32,2026-02-27,13:00,1,1122,1,0,1,
2026-02-27 13:08:38,2026-02-27,13:00,1,148,0,0,1,
2026-02-27 13:08:44,2026-02-27,13:00,1,258,0,0,1,
2026-02-27 13:08:49,2026-02-27,13:00,1,271,0,0,1,
2026-02-27 13:08:54,2026-02-27,13:00,1,223,0,0,1,
2026-02-27 13:08:59,2026-02-27,13:00,1,133,0,0,1,
2026-02-27 13:09:05,2026-02-27,13:00,1,272,0,0,1,
2026-02-27 13:09:10,2026-02-27,13:00,1,166,0,0,1,
2026-02-27 13:09:15,2026-02-27,13:00,1,122,0,0,1,
2026-02-27 13:09:20,2026-02-27,13:00,1,148,0,0,1,
2026-02-27 13:09:25,2026-02-27,13:00,1,130,0,0,0,
2026-02-27 13:09:31,2026-02-27,13:00,1,161,0,0,0,
2026-02-27 13:09:36,2026-02-27,13:00,1,154,0,0,0,
2026-02-27 13:09:41,2026-02-27,13:00,1,256,0,0,0,
2026-02-27 13:09:46,2026-02-27,13:00,1,151,0,0,0,
2026-02-27 13:09:51,2026-02-27,13:00,1,161,0,0,0,
2026-02-27 13:09:57,2026-02-27,13:00,1,856,1,0,1,
2026-02-27 13:10:03,2026-02-27,13:00,1,149,0,0,1,
2026-02-27 13:10:08,2026-02-27,13:00,1,132,0,0,1,
2026-02-27 13:10:13,2026-02-27,13:00,1,115,0,0,1,
2026-02-27 13:10:18,2026-02-27,13:00,1,126,0,0,1,
2026-02-27 13:10:23,2026-02-27,13:00,1,121,0,0,1,
2026-02-27 13:10:28,2026-02-27,13:00,1,130,0,0,1,
2026-02-27 13:10:34,2026-02-27,13:00,1,204,0,0,1,
2026-02-27 13:10:39,2026-02-27,13:00,1,135,0,0,1,
2026-02-27 13:10:44,2026-02-27,13:00,0,,1,1,2,
2026-02-27 13:10:52,2026-02-27,13:00,1,171,0,0,1,
2026-02-27 13:10:57,2026-02-27,13:00,1,132,0,0,1,
2026-02-27 13:11:02,2026-02-27,13:00,1,119,0,0,1,
2026-02-27 13:11:07,2026-02-27,13:00,1,169,0,0,1,
2026-02-27 13:11:13,2026-02-27,13:00,1,152,0,0,1,
2026-02-27 13:11:18,2026-02-27,13:00,1,173,0,0,1,
2026-02-27 13:11:23,2026-02-27,13:00,1,31,0,0,1,
2026-02-27 13:11:28,2026-02-27,13:00,1,172,0,0,1,
2026-02-27 13:11:34,2026-02-27,13:00,1,244,0,0,1,
2026-02-27 13:11:39,2026-02-27,13:00,1,128,0,0,0,
2026-02-27 13:11:44,2026-02-27,13:00,1,183,0,0,0,
2026-02-27 13:11:49,2026-02-27,13:00,1,293,0,0,0,
2026-02-27 13:11:54,2026-02-27,13:00,1,160,0,0,0,
2026-02-27 13:12:00,2026-02-27,13:00,1,121,0,0,0,
2026-02-27 13:12:05,2026-02-27,13:00,1,177,0,0,0,
2026-02-27 13:12:10,2026-02-27,13:00,1,124,0,0,0,
2026-02-27 13:12:15,2026-02-27,13:00,1,121,0,0,0,
2026-02-27 13:12:20,2026-02-27,13:00,1,268,0,0,0,
2026-02-27 13:12:26,2026-02-27,13:00,1,361,1,0,1,
2026-02-27 13:12:31,2026-02-27,13:00,1,269,0,0,1,
2026-02-27 13:12:36,2026-02-27,13:00,1,1358,1,0,2,
2026-02-27 13:12:43,2026-02-27,13:00,1,1848,1,0,3,
2026-02-27 13:12:50,2026-02-27,13:00,1,402,1,0,4,
2026-02-27 13:12:55,2026-02-27,13:00,0,,1,1,5,
2026-02-27 13:13:03,2026-02-27,13:00,1,186,0,0,5,
2026-02-27 13:13:08,2026-02-27,13:00,1,1670,1,0,6,
2026-02-27 13:13:15,2026-02-27,13:00,1,123,0,0,6,
2026-02-27 13:13:20,2026-02-27,13:00,1,1502,1,0,7,latency
2026-02-27 13:13:37,2026-02-27,13:00,1,1011,1,0,,
2026-02-27 13:13:44,2026-02-27,13:00,0,,1,1,,
2026-02-27 13:13:52,2026-02-27,13:00,1,312,1,0,,
2026-02-27 13:13:57,2026-02-27,13:00,1,476,1,0,,
2026-02-27 13:14:03,2026-02-27,13:00,1,297,0,0,,
2026-02-27 13:14:08,2026-02-27,13:00,1,269,0,0,,
2026-02-27 13:14:13,2026-02-27,13:00,1,280,0,0,,
2026-02-27 13:14:19,2026-02-27,13:00,1,205,0,0,,
2026-02-27 13:14:24,2026-02-27,13:00,1,213,0,0,,
2026-02-27 13:14:29,2026-02-27,13:00,1,357,1,0,5,
2026-02-27 13:14:35,2026-02-27,13:00,1,225,0,0,4,
2026-02-27 13:14:40,2026-02-27,13:00,1,270,0,0,3,
2026-02-27 13:14:45,2026-02-27,13:00,1,210,0,0,2,
2026-02-27 13:14:50,2026-02-27,13:00,1,212,0,0,1,
2026-02-27 13:14:56,2026-02-27,13:00,1,225,0,0,1,
2026-02-27 13:15:01,2026-02-27,13:00,1,198,0,0,1,
2026-02-27 13:15:06,2026-02-27,13:00,1,200,0,0,1,
2026-02-27 13:15:11,2026-02-27,13:00,1,219,0,0,1,
2026-02-27 13:15:17,2026-02-27,13:00,1,317,1,0,2,
2026-02-27 13:15:22,2026-02-27,13:00,1,258,0,0,1,
2026-02-27 13:15:27,2026-02-27,13:00,1,197,0,0,1,
2026-02-27 13:15:33,2026-02-27,13:00,1,292,0,0,1,
2026-02-27 13:15:38,2026-02-27,13:00,1,273,0,0,1,
2026-02-27 13:15:43,2026-02-27,13:00,1,251,0,0,1,
2026-02-27 13:15:49,2026-02-27,13:00,1,224,0,0,1,
2026-02-27 13:15:54,2026-02-27,13:00,1,200,0,0,1,
2026-02-27 13:15:59,2026-02-27,13:00,1,117,0,0,1,
2026-02-27 13:16:04,2026-02-27,13:00,1,239,0,0,1,
2026-02-27 13:16:09,2026-02-27,13:00,1,136,0,0,0,
2026-02-27 13:16:15,2026-02-27,13:00,1,168,0,0,0,
2026-02-27 13:16:20,2026-02-27,13:00,1,401,1,0,1,
2026-02-27 13:16:25,2026-02-27,13:00,1,171,0,0,1,
2026-02-27 13:16:31,2026-02-27,13:00,1,157,0,0,1,
2026-02-27 13:16:36,2026-02-27,13:00,0,,1,1,2,
2026-02-27 13:16:44,2026-02-27,13:00,1,201,0,0,2,
2026-02-27 13:16:49,2026-02-27,13:00,1,134,0,0,2,
2026-02-27 13:16:54,2026-02-27,13:00,1,120,0,0,2,
2026-02-27 13:16:59,2026-02-27,13:00,1,273,0,0,2,
2026-02-27 13:17:05,2026-02-27,13:00,1,133,0,0,2,
2026-02-27 13:17:10,2026-02-27,13:00,1,152,0,0,2,
2026-02-27 13:17:15,2026-02-27,13:00,1,123,0,0,1,
2026-02-27 13:17:20,2026-02-27,13:00,1,203,0,0,1,
2026-02-27 13:17:25,2026-02-27,13:00,1,147,0,0,1,
2026-02-27 13:17:31,2026-02-27,13:00,1,249,0,0,0,
2026-02-27 13:17:36,2026-02-27,13:00,1,173,0,0,0,
2026-02-27 13:17:41,2026-02-27,13:00,1,166,0,0,0,
2026-02-27 13:17:46,2026-02-27,13:00,1,151,0,0,0,
2026-02-27 13:17:52,2026-02-27,13:00,1,142,0,0,0,
2026-02-27 13:17:57,2026-02-27,13:00,1,215,0,0,0,
2026-02-27 13:18:02,2026-02-27,13:00,1,119,0,0,0,
2026-02-27 13:18:07,2026-02-27,13:00,1,139,0,0,0,
2026-02-27 13:18:12,2026-02-27,13:00,1,234,0,0,0,
2026-02-27 13:18:18,2026-02-27,13:00,1,172,0,0,0,
2026-02-27 13:18:23,2026-02-27,13:00,1,158,0,0,0,
2026-02-27 13:18:28,2026-02-27,13:00,1,142,0,0,0,
2026-02-27 13:18:33,2026-02-27,13:00,1,132,0,0,0,
2026-02-27 13:18:38,2026-02-27,13:00,1,116,0,0,0,
2026-02-27 13:18:43,2026-02-27,13:00,1,171,0,0,0,
2026-02-27 13:18:49,2026-02-27,13:00,1,139,0,0,0,
2026-02-27 13:18:54,2026-02-27,13:00,1,159,0,0,0,
2026-02-27 13:18:59,2026-02-27,13:00,1,169,0,0,0,
2026-02-27 13:19:04,2026-02-27,13:00,1,139,0,0,0,
2026-02-27 13:19:09,2026-02-27,13:00,1,136,0,0,0,
2026-02-27 13:19:15,2026-02-27,13:00,1,141,0,0,0,
2026-02-27 13:19:20,2026-02-27,13:00,1,146,0,0,0,
2026-02-27 13:19:25,2026-02-27,13:00,1,249,0,0,0,
2026-02-27 13:19:30,2026-02-27,13:00,1,162,0,0,0,
2026-02-27 13:19:35,2026-02-27,13:00,1,141,0,0,0,
2026-02-27 13:19:41,2026-02-27,13:00,1,239,0,0,0,
2026-02-27 13:19:46,2026-02-27,13:00,1,114,0,0,0,
2026-02-27 13:19:51,2026-02-27,13:00,1,155,0,0,0,
2026-02-27 13:19:56,2026-02-27,13:00,1,284,0,0,0,
2026-02-27 13:20:01,2026-02-27,13:00,1,140,0,0,0,
2026-02-27 13:20:07,2026-02-27,13:00,1,116,0,0,0,
2026-02-27 13:20:12,2026-02-27,13:00,1,119,0,0,0,
2026-02-27 13:20:17,2026-02-27,13:00,1,117,0,0,0,
2026-02-27 13:20:22,2026-02-27,13:00,1,116,0,0,0,
2026-02-27 13:20:27,2026-02-27,13:00,1,126,0,0,0,
2026-02-27 13:20:32,2026-02-27,13:00,1,183,0,0,0,
2026-02-27 13:20:38,2026-02-27,13:00,1,234,0,0,0,
2026-02-27 13:20:43,2026-02-27,13:00,1,128,0,0,0,
2026-02-27 13:20:48,2026-02-27,13:00,1,112,0,0,0,
2026-02-27 13:20:53,2026-02-27,13:00,1,119,0,0,0,
2026-02-27 13:20:58,2026-02-27,13:00,1,124,0,0,0,
2026-02-27 13:21:04,2026-02-27,13:00,1,123,0,0,0,
2026-02-27 13:21:09,2026-02-27,13:00,1,131,0,0,0,
2026-02-27 13:21:14,2026-02-27,13:00,1,130,0,0,0,
2026-02-27 13:21:19,2026-02-27,13:00,1,228,0,0,0,
2026-02-27 13:21:24,2026-02-27,13:00,1,151,0,0,0,
2026-02-27 13:21:30,2026-02-27,13:00,1,118,0,0,0,
2026-02-27 13:21:35,2026-02-27,13:00,1,123,0,0,0,
2026-02-27 13:21:40,2026-02-27,13:00,1,568,1,0,1,
2026-02-27 13:21:46,2026-02-27,13:00,1,176,0,0,1,
2026-02-27 13:21:51,2026-02-27,13:00,1,127,0,0,1,
2026-02-27 13:21:56,2026-02-27,13:00,1,137,0,0,1,
2026-02-27 13:22:01,2026-02-27,13:00,1,117,0,0,1,
2026-02-27 13:22:06,2026-02-27,13:00,1,125,0,0,1,
2026-02-27 13:22:12,2026-02-27,13:00,1,127,0,0,1,
2026-02-27 13:22:17,2026-02-27,13:00,1,242,0,0,1,
2026-02-27 13:22:22,2026-02-27,13:00,0,,1,1,2,
2026-02-27 13:22:30,2026-02-27,13:00,1,1500,1,0,3,
2026-02-27 13:22:36,2026-02-27,13:00,0,,1,1,3,
2026-02-27 13:22:44,2026-02-27,13:00,1,133,0,0,3,
2026-02-27 13:22:50,2026-02-27,13:00,1,124,0,0,3,
2026-02-27 13:22:55,2026-02-27,13:00,1,184,0,0,3,
2026-02-27 13:23:00,2026-02-27,13:00,1,204,0,0,3,
2026-02-27 13:23:05,2026-02-27,13:00,1,117,0,0,3,
2026-02-27 13:23:10,2026-02-27,13:00,1,119,0,0,3,
2026-02-27 13:23:15,2026-02-27,13:00,1,131,0,0,3,
2026-02-27 13:23:21,2026-02-27,13:00,1,163,0,0,2,
2026-02-27 13:23:26,2026-02-27,13:00,1,192,0,0,1,
2026-02-27 13:23:31,2026-02-27,13:00,1,119,0,0,0,
2026-02-27 13:23:36,2026-02-27,13:00,1,126,0,0,0,
2026-02-27 13:23:41,2026-02-27,13:00,1,141,0,0,0,
2026-02-27 13:23:46,2026-02-27,13:00,1,187,0,0,0,
2026-02-27 13:23:52,2026-02-27,13:00,1,115,0,0,0,
2026-02-27 13:23:57,2026-02-27,13:00,1,204,0,0,0,
2026-02-27 13:24:02,2026-02-27,13:00,1,227,0,0,0,
2026-02-27 13:24:07,2026-02-27,13:00,1,120,0,0,0,
2026-02-27 13:24:13,2026-02-27,13:00,1,128,0,0,0,
2026-02-27 13:24:18,2026-02-27,13:00,1,124,0,0,0,
2026-02-27 13:24:23,2026-02-27,13:00,1,128,0,0,0,
2026-02-27 13:24:28,2026-02-27,13:00,1,136,0,0,0,
2026-02-27 13:24:33,2026-02-27,13:00,1,118,0,0,0,
2026-02-27 13:24:38,2026-02-27,13:00,1,188,0,0,0,
2026-02-27 13:24:44,2026-02-27,13:00,1,116,0,0,0,
2026-02-27 13:24:49,2026-02-27,13:00,1,169,0,0,0,
2026-02-27 13:24:54,2026-02-27,13:00,1,118,0,0,0,
2026-02-27 13:24:59,2026-02-27,13:00,1,117,0,0,0,
2026-02-27 13:25:04,2026-02-27,13:00,1,121,0,0,0,
2026-02-27 13:25:09,2026-02-27,13:00,1,124,0,0,0,
2026-02-27 13:25:14,2026-02-27,13:00,1,136,0,0,0,
2026-02-27 13:25:20,2026-02-27,13:00,1,129,0,0,0,
2026-02-27 13:25:25,2026-02-27,13:00,1,137,0,0,0,
2026-02-27 13:25:30,2026-02-27,13:00,1,177,0,0,0,
2026-02-27 13:25:35,2026-02-27,13:00,1,130,0,0,0,
2026-02-27 13:25:40,2026-02-27,13:00,1,118,0,0,0,
2026-02-27 13:25:46,2026-02-27,13:00,1,217,0,0,0,
2026-02-27 13:25:51,2026-02-27,13:00,1,116,0,0,0,
2026-02-27 13:25:56,2026-02-27,13:00,1,130,0,0,0,
2026-02-27 13:26:01,2026-02-27,13:00,1,211,0,0,0,
2026-02-27 13:26:06,2026-02-27,13:00,1,188,0,0,0,
2026-02-27 13:26:12,2026-02-27,13:00,1,119,0,0,0,
2026-02-27 13:26:17,2026-02-27,13:00,1,122,0,0,0,
2026-02-27 13:26:22,2026-02-27,13:00,1,261,0,0,0,
2026-02-27 13:26:27,2026-02-27,13:00,1,206,0,0,0,
2026-02-27 13:26:32,2026-02-27,13:00,1,239,0,0,0,
2026-02-27 13:26:38,2026-02-27,13:00,1,260,0,0,0,
2026-02-27 13:26:43,2026-02-27,13:00,1,238,0,0,0,
2026-02-27 13:26:48,2026-02-27,13:00,1,207,0,0,0,
2026-02-27 13:26:54,2026-02-27,13:00,1,406,1,0,1,
2026-02-27 13:26:59,2026-02-27,13:00,1,211,0,0,1,
2026-02-27 13:27:04,2026-02-27,13:00,1,203,0,0,1,
2026-02-27 13:27:10,2026-02-27,13:00,1,211,0,0,1,
2026-02-27 13:27:15,2026-02-27,13:00,1,199,0,0,1,
2026-02-27 13:27:20,2026-02-27,13:00,1,204,0,0,1,
2026-02-27 13:27:25,2026-02-27,13:00,1,204,0,0,1,
2026-02-27 13:27:30,2026-02-27,13:00,1,202,0,0,1,
2026-02-27 13:27:36,2026-02-27,13:00,1,202,0,0,1,
2026-02-27 13:27:41,2026-02-27,13:00,1,207,0,0,1,
2026-02-27 13:27:46,2026-02-27,13:00,1,222,0,0,0,
2026-02-27 13:27:51,2026-02-27,13:00,1,200,0,0,0,
2026-02-27 13:27:57,2026-02-27,13:00,1,215,0,0,0,
2026-02-27 13:28:02,2026-02-27,13:00,1,256,0,0,0,
2026-02-27 13:28:07,2026-02-27,13:00,1,283,0,0,0,
2026-02-27 13:28:13,2026-02-27,13:00,1,193,0,0,0,
2026-02-27 13:28:18,2026-02-27,13:00,1,332,1,0,1,
2026-02-27 13:28:23,2026-02-27,13:00,1,223,0,0,1,
2026-02-27 13:28:28,2026-02-27,13:00,1,243,0,0,1,
2026-02-27 13:28:34,2026-02-27,13:00,1,478,1,0,2,
2026-02-27 13:28:39,2026-02-27,13:00,1,1098,1,0,3,
2026-02-27 13:28:45,2026-02-27,13:00,1,251,0,0,3,
2026-02-27 13:28:51,2026-02-27,13:00,1,213,0,0,3,
2026-02-27 13:28:56,2026-02-27,13:00,1,442,1,0,4,
2026-02-27 13:29:01,2026-02-27,13:00,1,697,1,0,5,
2026-02-27 13:29:07,2026-02-27,13:00,1,949,1,0,6,
2026-02-27 13:29:13,2026-02-27,13:00,1,821,1,0,6,
2026-02-27 13:29:19,2026-02-27,13:00,1,385,1,0,7,latency
2026-02-27 13:29:32,2026-02-27,13:00,1,230,0,0,,
2026-02-27 13:29:38,2026-02-27,13:00,1,447,1,0,,
2026-02-27 13:29:43,2026-02-27,13:00,1,197,0,0,,
2026-02-27 13:29:48,2026-02-27,13:00,1,210,0,0,,
2026-02-27 13:29:54,2026-02-27,13:00,1,219,0,0,,
2026-02-27 13:29:59,2026-02-27,13:00,1,300,0,0,,
2026-02-27 13:30:04,2026-02-27,13:00,1,198,0,0,,
2026-02-27 13:30:09,2026-02-27,13:00,1,239,0,0,,
2026-02-27 13:30:15,2026-02-27,13:00,1,334,1,0,,
2026-02-27 13:30:20,2026-02-27,13:00,1,356,1,0,3,
2026-02-27 13:30:26,2026-02-27,13:00,1,275,0,0,3,
2026-02-27 13:30:31,2026-02-27,13:00,1,198,0,0,2,
2026-02-27 13:30:36,2026-02-27,13:00,1,278,0,0,2,
2026-02-27 13:30:41,2026-02-27,13:00,1,324,1,0,3,
2026-02-27 13:30:47,2026-02-27,13:00,1,260,0,0,3,
2026-02-27 13:30:52,2026-02-27,13:00,1,199,0,0,3,
2026-02-27 13:30:57,2026-02-27,13:00,1,212,0,0,3,
2026-02-27 13:31:03,2026-02-27,13:00,1,221,0,0,3,
2026-02-27 13:31:08,2026-02-27,13:00,1,202,0,0,2,
2026-02-27 13:31:13,2026-02-27,13:00,1,229,0,0,1,
2026-02-27 13:31:18,2026-02-27,13:00,1,263,0,0,1,
2026-02-27 13:31:24,2026-02-27,13:00,1,231,0,0,1,
2026-02-27 13:31:29,2026-02-27,13:00,1,205,0,0,1,
2026-02-27 13:31:34,2026-02-27,13:00,1,274,0,0,0,
2026-02-27 13:31:39,2026-02-27,13:00,1,1097,1,0,1,
2026-02-27 13:31:46,2026-02-27,13:00,1,196,0,0,1,
2026-02-27 13:31:51,2026-02-27,13:00,1,200,0,0,1,
2026-02-27 13:31:56,2026-02-27,13:00,1,208,0,0,1,
2026-02-27 13:32:01,2026-02-27,13:00,1,210,0,0,1,
2026-02-27 13:32:07,2026-02-27,13:00,1,304,1,0,2,
2026-02-27 13:32:12,2026-02-27,13:00,1,244,0,0,2,
2026-02-27 13:32:17,2026-02-27,13:00,1,326,1,0,3,
2026-02-27 13:32:23,2026-02-27,13:00,1,244,0,0,3,
2026-02-27 13:32:28,2026-02-27,13:00,0,,1,1,4,
2026-02-27 13:32:36,2026-02-27,13:00,1,223,0,0,3,
2026-02-27 13:32:41,2026-02-27,13:00,1,1700,1,0,4,
2026-02-27 13:32:48,2026-02-27,13:00,1,314,1,0,5,
2026-02-27 13:32:53,2026-02-27,13:00,1,305,1,0,6,
2026-02-27 13:32:58,2026-02-27,13:00,1,197,0,0,6,
2026-02-27 13:33:04,2026-02-27,13:00,1,314,1,0,6,
2026-02-27 13:33:09,2026-02-27,13:00,1,210,0,0,6,
2026-02-27 13:33:14,2026-02-27,13:00,1,407,1,0,6,
2026-02-27 13:33:20,2026-02-27,13:00,1,1337,1,0,7,latency
2026-02-27 13:33:34,2026-02-27,13:00,1,234,0,0,,
2026-02-27 13:33:39,2026-02-27,13:00,1,538,1,0,,
2026-02-27 13:33:45,2026-02-27,13:00,1,278,0,0,,
2026-02-27 13:33:50,2026-02-27,13:00,1,429,1,0,,
2026-02-27 13:33:56,2026-02-27,13:00,1,235,0,0,,
2026-02-27 13:34:01,2026-02-27,13:00,1,252,0,0,,
2026-02-27 13:34:06,2026-02-27,13:00,1,215,0,0,,
2026-02-27 13:34:11,2026-02-27,13:00,1,204,0,0,,
2026-02-27 13:34:17,2026-02-27,13:00,1,239,0,0,,
2026-02-27 13:34:22,2026-02-27,13:00,1,198,0,0,2,
2026-02-27 13:34:27,2026-02-27,13:00,1,210,0,0,2,
2026-02-27 13:34:32,2026-02-27,13:00,1,198,0,0,1,
2026-02-27 13:34:38,2026-02-27,13:00,1,196,0,0,1,
2026-02-27 13:34:43,2026-02-27,13:00,1,195,0,0,0,
2026-02-27 13:34:48,2026-02-27,13:00,1,213,0,0,0,
2026-02-27 13:34:53,2026-02-27,13:00,1,308,1,0,1,
2026-02-27 13:34:59,2026-02-27,13:00,1,230,0,0,1,
2026-02-27 13:35:04,2026-02-27,13:00,1,202,0,0,1,
2026-02-27 13:35:09,2026-02-27,13:00,1,266,0,0,1,
2026-02-27 13:35:14,2026-02-27,13:00,1,221,0,0,1,
2026-02-27 13:35:20,2026-02-27,13:00,1,200,0,0,1,
2026-02-27 13:35:25,2026-02-27,13:00,1,241,0,0,1,
2026-02-27 13:35:30,2026-02-27,13:00,1,203,0,0,1,
2026-02-27 13:35:35,2026-02-27,13:00,1,223,0,0,1,
2026-02-27 13:35:41,2026-02-27,13:00,1,214,0,0,1,
2026-02-27 13:35:46,2026-02-27,13:00,1,210,0,0,0,
2026-02-27 13:35:51,2026-02-27,13:00,1,216,0,0,0,
2026-02-27 13:35:56,2026-02-27,13:00,1,305,1,0,1,
2026-02-27 13:36:02,2026-02-27,13:00,1,204,0,0,1,
2026-02-27 13:36:07,2026-02-27,13:00,1,207,0,0,1,
2026-02-27 13:36:12,2026-02-27,13:00,1,311,1,0,2,
2026-02-27 13:36:18,2026-02-27,13:00,1,195,0,0,2,
2026-02-27 13:36:23,2026-02-27,13:00,1,119,0,0,2,
2026-02-27 13:36:28,2026-02-27,13:00,1,162,0,0,2,
2026-02-27 13:36:33,2026-02-27,13:00,1,124,0,0,2,
2026-02-27 13:36:38,2026-02-27,13:00,1,227,0,0,2,
2026-02-27 13:36:44,2026-02-27,13:00,1,122,0,0,2,
2026-02-27 13:36:49,2026-02-27,13:00,1,122,0,0,1,
2026-02-27 13:36:54,2026-02-27,13:00,1,132,0,0,1,
2026-02-27 13:36:59,2026-02-27,13:00,1,121,0,0,1,
2026-02-27 13:37:04,2026-02-27,13:00,1,118,0,0,0,
2026-02-27 13:37:09,2026-02-27,13:00,1,118,0,0,0,
2026-02-27 13:37:15,2026-02-27,13:00,1,193,0,0,0,
2026-02-27 13:37:20,2026-02-27,13:00,1,191,0,0,0,
2026-02-27 13:37:25,2026-02-27,13:00,1,190,0,0,0,
2026-02-27 13:37:30,2026-02-27,13:00,1,145,0,0,0,
2026-02-27 13:37:35,2026-02-27,13:00,1,119,0,0,0,
2026-02-27 13:37:41,2026-02-27,13:00,1,119,0,0,0,
2026-02-27 13:37:46,2026-02-27,13:00,1,118,0,0,0,
2026-02-27 13:37:51,2026-02-27,13:00,1,158,0,0,0,
2026-02-27 13:37:56,2026-02-27,13:00,1,155,0,0,0,
2026-02-27 13:38:01,2026-02-27,13:00,1,119,0,0,0,
2026-02-27 13:38:06,2026-02-27,13:00,1,240,0,0,0,
2026-02-27 13:38:12,2026-02-27,13:00,1,120,0,0,0,
2026-02-27 13:38:17,2026-02-27,13:00,1,117,0,0,0,
2026-02-27 13:38:22,2026-02-27,13:00,1,170,0,0,0,
2026-02-27 13:38:27,2026-02-27,13:00,1,119,0,0,0,
2026-02-27 13:38:32,2026-02-27,13:00,1,132,0,0,0,
2026-02-27 13:38:38,2026-02-27,13:00,1,124,0,0,0,
2026-02-27 13:38:43,2026-02-27,13:00,1,214,0,0,0,
2026-02-27 13:38:48,2026-02-27,13:00,1,128,0,0,0,
2026-02-27 13:38:53,2026-02-27,13:00,1,122,0,0,0,
2026-02-27 13:38:58,2026-02-27,13:00,1,121,0,0,0,
2026-02-27 13:39:03,2026-02-27,13:00,1,121,0,0,0,
2026-02-27 13:39:09,2026-02-27,13:00,1,154,0,0,0,
2026-02-27 13:39:14,2026-02-27,13:00,1,123,0,0,0,
2026-02-27 13:39:19,2026-02-27,13:00,1,143,0,0,0,
2026-02-27 13:39:24,2026-02-27,13:00,1,118,0,0,0,
2026-02-27 13:39:29,2026-02-27,13:00,1,117,0,0,0,
2026-02-27 13:39:34,2026-02-27,13:00,1,118,0,0,0,
2026-02-27 13:39:40,2026-02-27,13:00,1,119,0,0,0,
2026-02-27 13:39:45,2026-02-27,13:00,1,121,0,0,0,
2026-02-27 13:39:50,2026-02-27,13:00,1,118,0,0,0,
2026-02-27 13:39:55,2026-02-27,13:00,1,257,0,0,0,
2026-02-27 13:40:00,2026-02-27,13:00,1,134,0,0,0,
2026-02-27 13:40:06,2026-02-27,13:00,1,132,0,0,0,
2026-02-27 13:40:11,2026-02-27,13:00,1,166,0,0,0,
2026-02-27 13:40:16,2026-02-27,13:00,1,127,0,0,0,
2026-02-27 13:40:21,2026-02-27,13:00,1,120,0,0,0,
2026-02-27 13:40:26,2026-02-27,13:00,1,167,0,0,0,
2026-02-27 13:40:31,2026-02-27,13:00,1,146,0,0,0,
2026-02-27 13:40:37,2026-02-27,13:00,1,151,0,0,0,
2026-02-27 13:40:42,2026-02-27,13:00,1,130,0,0,0,
2026-02-27 13:40:47,2026-02-27,13:00,1,122,0,0,0,
2026-02-27 13:40:52,2026-02-27,13:00,1,121,0,0,0,
2026-02-27 13:40:57,2026-02-27,13:00,1,134,0,0,0,
2026-02-27 13:41:02,2026-02-27,13:00,1,118,0,0,0,
2026-02-27 13:41:08,2026-02-27,13:00,1,312,1,0,1,
2026-02-27 13:41:13,2026-02-27,13:00,1,121,0,0,1,
2026-02-27 13:41:18,2026-02-27,13:00,1,147,0,0,1,
2026-02-27 13:41:23,2026-02-27,13:00,1,128,0,0,1,
2026-02-27 13:41:28,2026-02-27,13:00,1,184,0,0,1,
2026-02-27 13:41:34,2026-02-27,13:00,1,120,0,0,1,
2026-02-27 13:41:39,2026-02-27,13:00,1,120,0,0,1,
2026-02-27 13:41:44,2026-02-27,13:00,1,240,0,0,1,
2026-02-27 13:41:49,2026-02-27,13:00,1,122,0,0,1,
2026-02-27 13:41:54,2026-02-27,13:00,1,132,0,0,1,
2026-02-27 13:42:00,2026-02-27,13:00,1,188,0,0,0,
2026-02-27 13:42:05,2026-02-27,13:00,1,120,0,0,0,
2026-02-27 13:42:10,2026-02-27,13:00,1,130,0,0,0,
2026-02-27 13:42:15,2026-02-27,13:00,1,139,0,0,0,
2026-02-27 13:42:20,2026-02-27,13:00,1,118,0,0,0,
2026-02-27 13:42:26,2026-02-27,13:00,1,126,0,0,0,
2026-02-27 13:42:31,2026-02-27,13:00,1,121,0,0,0,
2026-02-27 13:42:36,2026-02-27,13:00,1,122,0,0,0,
2026-02-27 13:42:41,2026-02-27,13:00,1,161,0,0,0,
2026-02-27 13:42:46,2026-02-27,13:00,1,495,1,0,1,
2026-02-27 13:42:52,2026-02-27,13:00,1,125,0,0,1,
2026-02-27 13:42:57,2026-02-27,13:00,1,118,0,0,1,
2026-02-27 13:43:02,2026-02-27,13:00,1,129,0,0,1,
2026-02-27 13:43:07,2026-02-27,13:00,1,115,0,0,1,
2026-02-27 13:43:12,2026-02-27,13:00,1,122,0,0,1,
2026-02-27 13:43:17,2026-02-27,13:00,1,128,0,0,1,
2026-02-27 13:43:23,2026-02-27,13:00,1,164,0,0,1,
2026-02-27 13:43:28,2026-02-27,13:00,1,117,0,0,1,
2026-02-27 13:43:33,2026-02-27,13:00,1,124,0,0,1,
2026-02-27 13:43:38,2026-02-27,13:00,1,116,0,0,0,
2026-02-27 13:43:43,2026-02-27,13:00,1,131,0,0,0,
2026-02-27 13:43:48,2026-02-27,13:00,1,121,0,0,0,
2026-02-27 13:43:54,2026-02-27,13:00,1,159,0,0,0,
2026-02-27 13:43:59,2026-02-27,13:00,1,116,0,0,0,
2026-02-27 13:44:04,2026-02-27,13:00,1,122,0,0,0,
2026-02-27 13:44:09,2026-02-27,13:00,1,135,0,0,0,
2026-02-27 13:44:14,2026-02-27,13:00,1,124,0,0,0,
2026-02-27 13:44:19,2026-02-27,13:00,1,133,0,0,0,
2026-02-27 13:44:25,2026-02-27,13:00,1,131,0,0,0,
2026-02-27 13:44:30,2026-02-27,13:00,1,127,0,0,0,
2026-02-27 13:44:35,2026-02-27,13:00,1,116,0,0,0,
2026-02-27 13:44:40,2026-02-27,13:00,1,217,0,0,0,
2026-02-27 13:44:45,2026-02-27,13:00,1,200,0,0,0,
2026-02-27 13:44:50,2026-02-27,13:00,1,246,0,0,0,
2026-02-27 13:44:56,2026-02-27,13:00,1,243,0,0,0,
2026-02-27 13:45:01,2026-02-27,13:00,1,236,0,0,0,
2026-02-27 13:45:06,2026-02-27,13:00,1,221,0,0,0,
2026-02-27 13:45:12,2026-02-27,13:00,1,285,0,0,0,
2026-02-27 13:45:17,2026-02-27,13:00,1,211,0,0,0,
2026-02-27 13:45:22,2026-02-27,13:00,1,198,0,0,0,
2026-02-27 13:45:27,2026-02-27,13:00,1,125,0,0,0,
2026-02-27 13:45:33,2026-02-27,13:00,1,128,0,0,0,
2026-02-27 13:45:38,2026-02-27,13:00,1,121,0,0,0,
2026-02-27 13:45:43,2026-02-27,13:00,1,116,0,0,0,
2026-02-27 13:45:48,2026-02-27,13:00,1,118,0,0,0,
2026-02-27 13:45:53,2026-02-27,13:00,1,128,0,0,0,
2026-02-27 13:45:58,2026-02-27,13:00,1,112,0,0,0,
2026-02-27 13:46:03,2026-02-27,13:00,1,128,0,0,0,
2026-02-27 13:46:09,2026-02-27,13:00,1,114,0,0,0,
2026-02-27 13:46:14,2026-02-27,13:00,1,122,0,0,0,
2026-02-27 13:46:19,2026-02-27,13:00,1,144,0,0,0,
2026-02-27 13:46:24,2026-02-27,13:00,1,59,0,0,0,
2026-02-27 13:46:29,2026-02-27,13:00,1,26,0,0,0,
2026-02-27 13:46:34,2026-02-27,13:00,1,61,0,0,0,
2026-02-27 13:46:39,2026-02-27,13:00,1,25,0,0,0,
2026-02-27 13:46:44,2026-02-27,13:00,1,29,0,0,0,
2026-02-27 13:46:50,2026-02-27,13:00,1,59,0,0,0,
2026-02-27 13:46:55,2026-02-27,13:00,1,31,0,0,0,
2026-02-27 13:47:00,2026-02-27,13:00,1,30,0,0,0,
2026-02-27 13:47:05,2026-02-27,13:00,1,24,0,0,0,
2026-02-27 13:47:10,2026-02-27,13:00,1,32,0,0,0,
2026-02-27 13:47:15,2026-02-27,13:00,1,79,0,0,0,
2026-02-27 13:47:20,2026-02-27,13:00,1,111,0,0,0,
2026-02-27 13:47:25,2026-02-27,13:00,1,55,0,0,0,
2026-02-27 13:47:30,2026-02-27,13:00,1,31,0,0,0,
2026-02-27 13:47:35,2026-02-27,13:00,1,39,0,0,0,
2026-02-27 13:47:40,2026-02-27,13:00,1,26,0,0,0,
2026-02-27 13:47:45,2026-02-27,13:00,1,243,0,0,0,
2026-02-27 13:47:51,2026-02-27,13:00,1,87,0,0,0,
2026-02-27 13:47:56,2026-02-27,13:00,1,42,0,0,0,
2026-02-27 13:48:01,2026-02-27,13:00,1,41,0,0,0,
2026-02-27 13:48:06,2026-02-27,13:00,1,78,0,0,0,
2026-02-27 13:48:11,2026-02-27,13:00,1,28,0,0,0,
2026-02-27 13:48:16,2026-02-27,13:00,1,27,0,0,0,
2026-02-27 13:48:21,2026-02-27,13:00,1,24,0,0,0,
2026-02-27 13:48:26,2026-02-27,13:00,1,34,0,0,0,
2026-02-27 13:48:31,2026-02-27,13:00,1,20,0,0,0,
2026-02-27 13:48:36,2026-02-27,13:00,1,21,0,0,0,
2026-02-27 13:48:41,2026-02-27,13:00,1,23,0,0,0,
2026-02-27 13:48:46,2026-02-27,13:00,1,31,0,0,0,
2026-02-27 13:48:51,2026-02-27,13:00,1,35,0,0,0,
2026-02-27 13:48:57,2026-02-27,13:00,1,20,0,0,0,
2026-02-27 13:49:02,2026-02-27,13:00,1,74,0,0,0,
2026-02-27 13:49:07,2026-02-27,13:00,1,33,0,0,0,
2026-02-27 13:49:12,2026-02-27,13:00,1,60,0,0,0,
2026-02-27 13:49:17,2026-02-27,13:00,1,36,0,0,0,
2026-02-27 13:49:22,2026-02-27,13:00,1,79,0,0,0,
2026-02-27 13:49:27,2026-02-27,13:00,1,82,0,0,0,
2026-02-27 13:49:32,2026-02-27,13:00,1,41,0,0,0,
2026-02-27 13:49:37,2026-02-27,13:00,1,48,0,0,0,
2026-02-27 13:49:42,2026-02-27,13:00,1,23,0,0,0,
2026-02-27 13:49:47,2026-02-27,13:00,1,25,0,0,0,
2026-02-27 13:49:53,2026-02-27,13:00,1,141,0,0,0,
2026-02-27 13:49:58,2026-02-27,13:00,1,122,0,0,0,
2026-02-27 13:50:03,2026-02-27,13:00,1,139,0,0,0,
2026-02-27 13:50:08,2026-02-27,13:00,1,92,0,0,0,
2026-02-27 13:50:13,2026-02-27,13:00,1,30,0,0,0,
2026-02-27 13:50:18,2026-02-27,13:00,1,24,0,0,0,
2026-02-27 13:50:23,2026-02-27,13:00,1,26,0,0,0,
2026-02-27 13:50:28,2026-02-27,13:00,1,33,0,0,0,
2026-02-27 13:50:33,2026-02-27,13:00,1,24,0,0,0,
2026-02-27 13:50:38,2026-02-27,13:00,1,67,0,0,0,
2026-02-27 13:50:44,2026-02-27,13:00,1,473,1,0,1,
2026-02-27 13:50:49,2026-02-27,13:00,1,419,1,0,2,
2026-02-27 13:50:55,2026-02-27,13:00,1,29,0,0,2,
2026-02-27 13:51:00,2026-02-27,13:00,1,38,0,0,2,
2026-02-27 13:51:05,2026-02-27,13:00,1,206,0,0,2,
2026-02-27 13:51:10,2026-02-27,13:00,1,31,0,0,2,
2026-02-27 13:51:15,2026-02-27,13:00,1,42,0,0,2,
2026-02-27 13:51:20,2026-02-27,13:00,1,60,0,0,2,
2026-02-27 13:51:25,2026-02-27,13:00,1,116,0,0,2,
2026-02-27 13:51:30,2026-02-27,13:00,1,133,0,0,2,
2026-02-27 13:51:36,2026-02-27,13:00,1,115,0,0,1,
2026-02-27 13:51:41,2026-02-27,13:00,1,113,0,0,0,
2026-02-27 13:51:46,2026-02-27,13:00,1,141,0,0,0,
2026-02-27 13:51:51,2026-02-27,13:00,1,828,1,0,1,
2026-02-27 13:51:57,2026-02-27,13:00,1,121,0,0,1,
2026-02-27 13:52:02,2026-02-27,13:00,1,131,0,0,1,
2026-02-27 13:52:07,2026-02-27,13:00,1,189,0,0,1,
2026-02-27 13:52:12,2026-02-27,13:00,1,118,0,0,1,
2026-02-27 13:52:18,2026-02-27,13:00,1,119,0,0,1,
2026-02-27 13:52:23,2026-02-27,13:00,1,144,0,0,1,
2026-02-27 13:52:28,2026-02-27,13:00,1,139,0,0,1,
2026-02-27 13:52:33,2026-02-27,13:00,1,140,0,0,1,
2026-02-27 13:52:38,2026-02-27,13:00,1,128,0,0,1,
2026-02-27 13:52:43,2026-02-27,13:00,1,216,0,0,0,
2026-02-27 13:52:49,2026-02-27,13:00,1,137,0,0,0,
2026-02-27 13:52:54,2026-02-27,13:00,1,146,0,0,0,
2026-02-27 13:52:59,2026-02-27,13:00,1,121,0,0,0,
2026-02-27 13:53:04,2026-02-27,13:00,1,119,0,0,0,
2026-02-27 13:53:09,2026-02-27,13:00,1,115,0,0,0,
2026-02-27 13:53:14,2026-02-27,13:00,1,115,0,0,0,
2026-02-27 13:53:20,2026-02-27,13:00,1,119,0,0,0,
2026-02-27 13:53:25,2026-02-27,13:00,1,123,0,0,0,
2026-02-27 13:53:30,2026-02-27,13:00,1,127,0,0,0,
2026-02-27 13:53:35,2026-02-27,13:00,1,132,0,0,0,
2026-02-27 13:53:40,2026-02-27,13:00,1,121,0,0,0,
2026-02-27 13:53:45,2026-02-27,13:00,1,116,0,0,0,
2026-02-27 13:53:51,2026-02-27,13:00,1,201,0,0,0,
2026-02-27 13:53:56,2026-02-27,13:00,1,210,0,0,0,
2026-02-27 13:54:01,2026-02-27,13:00,1,203,0,0,0,
2026-02-27 13:54:06,2026-02-27,13:00,1,195,0,0,0,
2026-02-27 13:54:12,2026-02-27,13:00,1,236,0,0,0,
2026-02-27 13:54:17,2026-02-27,13:00,1,236,0,0,0,
2026-02-27 13:54:22,2026-02-27,13:00,1,199,0,0,0,
2026-02-27 13:54:27,2026-02-27,13:00,1,218,0,0,0,
2026-02-27 13:54:33,2026-02-27,13:00,1,213,0,0,0,
2026-02-27 13:54:38,2026-02-27,13:00,1,198,0,0,0,
2026-02-27 13:54:43,2026-02-27,13:00,1,210,0,0,0,
2026-02-27 13:54:48,2026-02-27,13:00,1,239,0,0,0,
2026-02-27 13:54:54,2026-02-27,13:00,1,223,0,0,0,
2026-02-27 13:54:59,2026-02-27,13:00,1,197,0,0,0,
2026-02-27 13:55:04,2026-02-27,13:00,1,260,0,0,0,
2026-02-27 13:55:09,2026-02-27,13:00,1,553,1,0,1,
2026-02-27 13:55:15,2026-02-27,13:00,1,229,0,0,1,
2026-02-27 13:55:20,2026-02-27,13:00,1,203,0,0,1,
2026-02-27 13:55:25,2026-02-27,13:00,1,219,0,0,1,
2026-02-27 13:55:31,2026-02-27,13:00,1,198,0,0,1,
2026-02-27 13:55:36,2026-02-27,13:00,1,313,1,0,2,
2026-02-27 13:55:41,2026-02-27,13:00,1,271,0,0,2,
2026-02-27 13:55:47,2026-02-27,13:00,1,254,0,0,2,
2026-02-27 13:55:52,2026-02-27,13:00,1,231,0,0,2,
2026-02-27 13:55:57,2026-02-27,13:00,1,196,0,0,2,
2026-02-27 13:56:02,2026-02-27,13:00,1,210,0,0,1,
2026-02-27 13:56:08,2026-02-27,13:00,1,207,0,0,1,
2026-02-27 13:56:13,2026-02-27,13:00,1,198,0,0,1,
2026-02-27 13:56:18,2026-02-27,13:00,1,204,0,0,1,
2026-02-27 13:56:23,2026-02-27,13:00,1,210,0,0,1,
2026-02-27 13:56:29,2026-02-27,13:00,1,266,0,0,0,
2026-02-27 13:56:34,2026-02-27,13:00,1,249,0,0,0,
2026-02-27 13:56:39,2026-02-27,13:00,1,204,0,0,0,
2026-02-27 13:56:44,2026-02-27,13:00,1,217,0,0,0,
2026-02-27 13:56:50,2026-02-27,13:00,1,197,0,0,0,
2026-02-27 13:56:55,2026-02-27,13:00,1,210,0,0,0,
2026-02-27 13:57:00,2026-02-27,13:00,1,209,0,0,0,
2026-02-27 13:57:05,2026-02-27,13:00,1,219,0,0,0,
2026-02-27 13:57:11,2026-02-27,13:00,1,159,0,0,0,
2026-02-27 13:57:16,2026-02-27,13:00,1,130,0,0,0,
2026-02-27 13:57:21,2026-02-27,13:00,1,288,0,0,0,
2026-02-27 13:57:26,2026-02-27,13:00,1,228,0,0,0,
2026-02-27 13:57:32,2026-02-27,13:00,1,223,0,0,0,
2026-02-27 13:57:37,2026-02-27,13:00,1,198,0,0,0,
2026-02-27 13:57:42,2026-02-27,13:00,1,272,0,0,0,
2026-02-27 13:57:47,2026-02-27,13:00,1,278,0,0,0,
2026-02-27 13:57:53,2026-02-27,13:00,1,248,0,0,0,
2026-02-27 13:57:58,2026-02-27,13:00,1,208,0,0,0,
2026-02-27 13:58:03,2026-02-27,13:00,1,206,0,0,0,
2026-02-27 13:58:08,2026-02-27,13:00,1,250,0,0,0,
2026-02-27 13:58:14,2026-02-27,13:00,1,203,0,0,0,
2026-02-27 13:58:19,2026-02-27,13:00,1,212,0,0,0,
2026-02-27 13:58:24,2026-02-27,13:00,1,239,0,0,0,
2026-02-27 13:58:29,2026-02-27,13:00,1,198,0,0,0,
2026-02-27 13:58:35,2026-02-27,13:00,1,330,1,0,1,
2026-02-27 13:58:40,2026-02-27,13:00,1,246,0,0,1,
2026-02-27 13:58:45,2026-02-27,13:00,1,202,0,0,1,
2026-02-27 13:58:51,2026-02-27,13:00,1,207,0,0,1,
2026-02-27 13:58:56,2026-02-27,13:00,1,120,0,0,1,
2026-02-27 13:59:01,2026-02-27,13:00,1,138,0,0,1,
2026-02-27 13:59:06,2026-02-27,13:00,1,206,0,0,1,
2026-02-27 13:59:11,2026-02-27,13:00,1,167,0,0,1,
2026-02-27 13:59:17,2026-02-27,13:00,1,128,0,0,1,
2026-02-27 13:59:22,2026-02-27,13:00,1,122,0,0,1,
2026-02-27 13:59:27,2026-02-27,13:00,1,131,0,0,0,
2026-02-27 13:59:32,2026-02-27,13:00,1,168,0,0,0,
2026-02-27 13:59:37,2026-02-27,13:00,1,120,0,0,0,
2026-02-27 13:59:43,2026-02-27,13:00,1,125,0,0,0,
2026-02-27 13:59:48,2026-02-27,13:00,1,121,0,0,0,
2026-02-27 13:59:53,2026-02-27,13:00,1,133,0,0,0,
2026-02-27 13:59:58,2026-02-27,13:00,1,165,0,0,0,
2026-02-27 14:00:03,2026-02-27,14:00,1,187,0,0,0,
2026-02-27 14:00:08,2026-02-27,14:00,1,118,0,0,0,
2026-02-27 14:00:14,2026-02-27,14:00,1,148,0,0,0,
2026-02-27 14:00:19,2026-02-27,14:00,1,136,0,0,0,
2026-02-27 14:00:24,2026-02-27,14:00,1,159,0,0,0,
2026-02-27 14:00:29,2026-02-27,14:00,1,132,0,0,0,
2026-02-27 14:00:34,2026-02-27,14:00,1,121,0,0,0,
2026-02-27 14:00:39,2026-02-27,14:00,1,126,0,0,0,
2026-02-27 14:00:45,2026-02-27,14:00,1,126,0,0,0,
2026-02-27 14:00:50,2026-02-27,14:00,1,127,0,0,0,
2026-02-27 14:00:55,2026-02-27,14:00,1,122,0,0,0,
2026-02-27 14:01:00,2026-02-27,14:00,1,121,0,0,0,
2026-02-27 14:01:05,2026-02-27,14:00,1,119,0,0,0,
2026-02-27 14:01:10,2026-02-27,14:00,1,121,0,0,0,
2026-02-27 14:01:16,2026-02-27,14:00,1,154,0,0,0,
2026-02-27 14:01:21,2026-02-27,14:00,1,31,0,0,0,
2026-02-27 14:01:26,2026-02-27,14:00,1,192,0,0,0,
2026-02-27 14:01:31,2026-02-27,14:00,1,41,0,0,0,
2026-02-27 14:01:36,2026-02-27,14:00,1,33,0,0,0,
2026-02-27 14:01:41,2026-02-27,14:00,1,172,0,0,0,
2026-02-27 14:01:46,2026-02-27,14:00,1,23,0,0,0,
2026-02-27 14:01:51,2026-02-27,14:00,1,94,0,0,0,
2026-02-27 14:01:57,2026-02-27,14:00,1,66,0,0,0,
2026-02-27 14:02:02,2026-02-27,14:00,1,62,0,0,0,
2026-02-27 14:02:07,2026-02-27,14:00,1,117,0,0,0,
2026-02-27 14:02:12,2026-02-27,14:00,1,54,0,0,0,
2026-02-27 14:02:17,2026-02-27,14:00,1,106,0,0,0,
2026-02-27 14:02:22,2026-02-27,14:00,1,25,0,0,0,
2026-02-27 14:02:27,2026-02-27,14:00,1,81,0,0,0,
2026-02-27 14:02:32,2026-02-27,14:00,1,32,0,0,0,
2026-02-27 14:02:38,2026-02-27,14:00,1,59,0,0,0,
2026-02-27 14:02:43,2026-02-27,14:00,1,27,0,0,0,
2026-02-27 14:02:48,2026-02-27,14:00,1,32,0,0,0,
2026-02-27 14:02:53,2026-02-27,14:00,1,56,0,0,0,
2026-02-27 14:02:58,2026-02-27,14:00,1,22,0,0,0,
2026-02-27 14:03:03,2026-02-27,14:00,1,32,0,0,0,
2026-02-27 14:03:08,2026-02-27,14:00,1,32,0,0,0,
2026-02-27 14:03:13,2026-02-27,14:00,1,26,0,0,0,
2026-02-27 14:03:18,2026-02-27,14:00,1,76,0,0,0,
2026-02-27 14:03:23,2026-02-27,14:00,1,30,0,0,0,
2026-02-27 14:03:28,2026-02-27,14:00,1,30,0,0,0,
2026-02-27 14:03:33,2026-02-27,14:00,1,33,0,0,0,
2026-02-27 14:03:38,2026-02-27,14:00,1,148,0,0,0,
2026-02-27 14:03:44,2026-02-27,14:00,1,31,0,0,0,
2026-02-27 14:03:49,2026-02-27,14:00,1,64,0,0,0,
2026-02-27 14:03:54,2026-02-27,14:00,1,105,0,0,0,
2026-02-27 14:03:59,2026-02-27,14:00,1,105,0,0,0,
2026-02-27 14:04:04,2026-02-27,14:00,1,40,0,0,0,
2026-02-27 14:04:09,2026-02-27,14:00,1,70,0,0,0,
2026-02-27 14:04:14,2026-02-27,14:00,1,24,0,0,0,
2026-02-27 14:04:19,2026-02-27,14:00,1,128,0,0,0,
2026-02-27 14:04:24,2026-02-27,14:00,1,27,0,0,0,
2026-02-27 14:04:29,2026-02-27,14:00,1,32,0,0,0,
2026-02-27 14:04:34,2026-02-27,14:00,1,35,0,0,0,
2026-02-27 14:04:40,2026-02-27,14:00,1,28,0,0,0,
2026-02-27 14:04:45,2026-02-27,14:00,1,26,0,0,0,
2026-02-27 14:04:50,2026-02-27,14:00,1,23,0,0,0,
2026-02-27 14:04:55,2026-02-27,14:00,1,57,0,0,0,
2026-02-27 14:05:00,2026-02-27,14:00,1,25,0,0,0,
2026-02-27 14:05:05,2026-02-27,14:00,1,29,0,0,0,
2026-02-27 14:05:10,2026-02-27,14:00,1,30,0,0,0,
2026-02-27 14:05:15,2026-02-27,14:00,1,51,0,0,0,
2026-02-27 14:05:20,2026-02-27,14:00,1,100,0,0,0,
2026-02-27 14:05:25,2026-02-27,14:00,1,98,0,0,0,
2026-02-27 14:05:30,2026-02-27,14:00,1,78,0,0,0,
2026-02-27 14:05:35,2026-02-27,14:00,1,48,0,0,0,
2026-02-27 14:05:41,2026-02-27,14:00,1,108,0,0,0,
2026-02-27 14:05:46,2026-02-27,14:00,1,82,0,0,0,
2026-02-27 14:05:51,2026-02-27,14:00,1,66,0,0,0,
2026-02-27 14:05:56,2026-02-27,14:00,1,26,0,0,0,
2026-02-27 14:06:01,2026-02-27,14:00,1,26,0,0,0,
2026-02-27 14:06:06,2026-02-27,14:00,1,196,0,0,0,
2026-02-27 14:06:11,2026-02-27,14:00,1,31,0,0,0,
2026-02-27 14:06:16,2026-02-27,14:00,1,34,0,0,0,
2026-02-27 14:06:22,2026-02-27,14:00,1,224,0,0,0,
2026-02-27 14:06:27,2026-02-27,14:00,1,115,0,0,0,
2026-02-27 14:06:32,2026-02-27,14:00,1,167,0,0,0,
2026-02-27 14:06:37,2026-02-27,14:00,1,144,0,0,0,
2026-02-27 14:06:42,2026-02-27,14:00,1,238,0,0,0,
2026-02-27 14:06:48,2026-02-27,14:00,1,172,0,0,0,
2026-02-27 14:06:53,2026-02-27,14:00,1,120,0,0,0,
2026-02-27 14:06:58,2026-02-27,14:00,1,281,0,0,0,
2026-02-27 14:07:03,2026-02-27,14:00,1,119,0,0,0,
2026-02-27 14:07:08,2026-02-27,14:00,1,135,0,0,0,
2026-02-27 14:07:14,2026-02-27,14:00,1,116,0,0,0,
2026-02-27 14:07:19,2026-02-27,14:00,1,171,0,0,0,
2026-02-27 14:07:24,2026-02-27,14:00,1,121,0,0,0,
2026-02-27 14:07:29,2026-02-27,14:00,1,115,0,0,0,
2026-02-27 14:07:34,2026-02-27,14:00,1,125,0,0,0,
2026-02-27 14:07:39,2026-02-27,14:00,1,117,0,0,0,
2026-02-27 14:07:45,2026-02-27,14:00,1,116,0,0,0,
2026-02-27 14:07:50,2026-02-27,14:00,1,167,0,0,0,
2026-02-27 14:07:55,2026-02-27,14:00,1,149,0,0,0,
2026-02-27 14:08:00,2026-02-27,14:00,1,164,0,0,0,
2026-02-27 14:08:05,2026-02-27,14:00,1,122,0,0,0,
2026-02-27 14:08:10,2026-02-27,14:00,1,119,0,0,0,
2026-02-27 14:08:16,2026-02-27,14:00,1,283,0,0,0,
2026-02-27 14:08:21,2026-02-27,14:00,1,146,0,0,0,
2026-02-27 14:08:26,2026-02-27,14:00,1,159,0,0,0,
2026-02-27 14:08:31,2026-02-27,14:00,1,127,0,0,0,
2026-02-27 14:08:36,2026-02-27,14:00,1,127,0,0,0,
2026-02-27 14:08:42,2026-02-27,14:00,1,120,0,0,0,
2026-02-27 14:08:47,2026-02-27,14:00,1,114,0,0,0,
2026-02-27 14:08:52,2026-02-27,14:00,1,113,0,0,0,
2026-02-27 14:08:57,2026-02-27,14:00,1,132,0,0,0,
2026-02-27 14:09:02,2026-02-27,14:00,1,123,0,0,0,
2026-02-27 14:09:07,2026-02-27,14:00,1,111,0,0,0,
2026-02-27 14:09:13,2026-02-27,14:00,1,131,0,0,0,
2026-02-27 14:09:18,2026-02-27,14:00,1,134,0,0,0,
2026-02-27 14:09:23,2026-02-27,14:00,1,175,0,0,0,
2026-02-27 14:09:28,2026-02-27,14:00,1,119,0,0,0,
2026-02-27 14:09:33,2026-02-27,14:00,1,135,0,0,0,
2026-02-27 14:09:38,2026-02-27,14:00,1,127,0,0,0,
2026-02-27 14:09:44,2026-02-27,14:00,1,123,0,0,0,
2026-02-27 14:09:49,2026-02-27,14:00,1,123,0,0,0,
2026-02-27 14:09:54,2026-02-27,14:00,1,115,0,0,0,
2026-02-27 14:09:59,2026-02-27,14:00,1,175,0,0,0,
2026-02-27 14:10:04,2026-02-27,14:00,1,127,0,0,0,
2026-02-27 14:10:09,2026-02-27,14:00,1,146,0,0,0,
2026-02-27 14:10:15,2026-02-27,14:00,1,142,0,0,0,
2026-02-27 14:10:20,2026-02-27,14:00,1,121,0,0,0,
2026-02-27 14:10:25,2026-02-27,14:00,1,126,0,0,0,
2026-02-27 14:10:30,2026-02-27,14:00,1,207,0,0,0,
2026-02-27 14:10:35,2026-02-27,14:00,1,120,0,0,0,
2026-02-27 14:10:40,2026-02-27,14:00,1,114,0,0,0,
2026-02-27 14:10:46,2026-02-27,14:00,1,179,0,0,0,
2026-02-27 14:10:51,2026-02-27,14:00,1,126,0,0,0,
2026-02-27 14:10:56,2026-02-27,14:00,1,122,0,0,0,
2026-02-27 14:11:01,2026-02-27,14:00,1,161,0,0,0,
2026-02-27 14:11:06,2026-02-27,14:00,1,184,0,0,0,
2026-02-27 14:11:12,2026-02-27,14:00,1,117,0,0,0,
2026-02-27 14:11:17,2026-02-27,14:00,1,122,0,0,0,
2026-02-27 14:11:22,2026-02-27,14:00,1,185,0,0,0,
2026-02-27 14:11:27,2026-02-27,14:00,1,194,0,0,0,
2026-02-27 14:11:32,2026-02-27,14:00,1,139,0,0,0,
2026-02-27 14:11:38,2026-02-27,14:00,1,175,0,0,0,
2026-02-27 14:11:43,2026-02-27,14:00,1,1429,1,0,1,
2026-02-27 14:11:49,2026-02-27,14:00,1,246,0,0,1,
2026-02-27 14:11:55,2026-02-27,14:00,1,136,0,0,1,
2026-02-27 14:12:00,2026-02-27,14:00,1,121,0,0,1,
2026-02-27 14:12:05,2026-02-27,14:00,1,115,0,0,1,
2026-02-27 14:12:10,2026-02-27,14:00,1,117,0,0,1,
2026-02-27 14:12:15,2026-02-27,14:00,1,113,0,0,1,
2026-02-27 14:12:20,2026-02-27,14:00,1,132,0,0,1,
2026-02-27 14:12:25,2026-02-27,14:00,1,114,0,0,1,
2026-02-27 14:12:31,2026-02-27,14:00,1,146,0,0,1,
2026-02-27 14:12:36,2026-02-27,14:00,1,125,0,0,0,
2026-02-27 14:12:41,2026-02-27,14:00,1,115,0,0,0,
2026-02-27 14:12:46,2026-02-27,14:00,1,175,0,0,0,
2026-02-27 14:12:51,2026-02-27,14:00,1,122,0,0,0,
2026-02-27 14:12:56,2026-02-27,14:00,1,127,0,0,0,
2026-02-27 14:13:02,2026-02-27,14:00,1,123,0,0,0,
2026-02-27 14:13:07,2026-02-27,14:00,1,151,0,0,0,
2026-02-27 14:13:12,2026-02-27,14:00,1,124,0,0,0,
2026-02-27 14:13:17,2026-02-27,14:00,1,147,0,0,0,
2026-02-27 14:13:22,2026-02-27,14:00,1,205,0,0,0,
2026-02-27 14:13:28,2026-02-27,14:00,1,121,0,0,0,
2026-02-27 14:13:33,2026-02-27,14:00,1,127,0,0,0,
2026-02-27 14:13:38,2026-02-27,14:00,1,120,0,0,0,
2026-02-27 14:13:43,2026-02-27,14:00,1,176,0,0,0,
2026-02-27 14:13:48,2026-02-27,14:00,1,125,0,0,0,
2026-02-27 14:13:53,2026-02-27,14:00,1,142,0,0,0,
2026-02-27 14:13:59,2026-02-27,14:00,1,136,0,0,0,
2026-02-27 14:14:04,2026-02-27,14:00,1,120,0,0,0,
2026-02-27 14:14:09,2026-02-27,14:00,1,119,0,0,0,
2026-02-27 14:14:14,2026-02-27,14:00,1,123,0,0,0,
2026-02-27 14:14:19,2026-02-27,14:00,1,139,0,0,0,
2026-02-27 14:14:24,2026-02-27,14:00,1,130,0,0,0,
2026-02-27 14:14:30,2026-02-27,14:00,1,119,0,0,0,
2026-02-27 14:14:35,2026-02-27,14:00,1,118,0,0,0,
2026-02-27 14:14:40,2026-02-27,14:00,1,114,0,0,0,
2026-02-27 14:14:45,2026-02-27,14:00,1,121,0,0,0,
2026-02-27 14:14:50,2026-02-27,14:00,1,137,0,0,0,
2026-02-27 14:14:55,2026-02-27,14:00,1,125,0,0,0,
2026-02-27 14:15:00,2026-02-27,14:00,1,124,0,0,0,
2026-02-27 14:15:06,2026-02-27,14:00,1,181,0,0,0,
2026-02-27 14:15:11,2026-02-27,14:00,1,208,0,0,0,
2026-02-27 14:15:16,2026-02-27,14:00,1,212,0,0,0,
2026-02-27 14:15:21,2026-02-27,14:00,1,114,0,0,0,
2026-02-27 14:15:26,2026-02-27,14:00,1,135,0,0,0,
2026-02-27 14:15:32,2026-02-27,14:00,1,214,0,0,0,
2026-02-27 14:15:37,2026-02-27,14:00,1,164,0,0,0,
2026-02-27 14:15:42,2026-02-27,14:00,1,214,0,0,0,
2026-02-27 14:15:47,2026-02-27,14:00,1,125,0,0,0,
2026-02-27 14:15:52,2026-02-27,14:00,1,134,0,0,0,
2026-02-27 14:15:58,2026-02-27,14:00,1,120,0,0,0,
2026-02-27 14:16:03,2026-02-27,14:00,1,116,0,0,0,
2026-02-27 14:16:08,2026-02-27,14:00,1,117,0,0,0,
2026-02-27 14:16:13,2026-02-27,14:00,1,131,0,0,0,
2026-02-27 14:16:18,2026-02-27,14:00,1,179,0,0,0,
2026-02-27 14:16:24,2026-02-27,14:00,1,200,0,0,0,
2026-02-27 14:16:29,2026-02-27,14:00,1,215,0,0,0,
2026-02-27 14:16:34,2026-02-27,14:00,1,235,0,0,0,
2026-02-27 14:16:39,2026-02-27,14:00,1,206,0,0,0,
2026-02-27 14:16:45,2026-02-27,14:00,1,204,0,0,0,
2026-02-27 14:16:50,2026-02-27,14:00,1,228,0,0,0,
2026-02-27 14:16:55,2026-02-27,14:00,1,213,0,0,0,
2026-02-27 14:17:00,2026-02-27,14:00,1,205,0,0,0,
2026-02-27 14:17:06,2026-02-27,14:00,1,203,0,0,0,
2026-02-27 14:17:11,2026-02-27,14:00,1,125,0,0,0,
2026-02-27 14:17:16,2026-02-27,14:00,1,117,0,0,0,
2026-02-27 14:17:21,2026-02-27,14:00,1,198,0,0,0,
2026-02-27 14:17:26,2026-02-27,14:00,1,215,0,0,0,
2026-02-27 14:17:32,2026-02-27,14:00,1,198,0,0,0,
2026-02-27 14:17:37,2026-02-27,14:00,1,195,0,0,0,
2026-02-27 14:17:42,2026-02-27,14:00,1,212,0,0,0,
2026-02-27 14:17:47,2026-02-27,14:00,1,231,0,0,0,
2026-02-27 14:17:53,2026-02-27,14:00,1,196,0,0,0,
2026-02-27 14:17:58,2026-02-27,14:00,1,195,0,0,0,
2026-02-27 14:18:03,2026-02-27,14:00,1,200,0,0,0,
2026-02-27 14:18:08,2026-02-27,14:00,1,198,0,0,0,
2026-02-27 14:18:14,2026-02-27,14:00,1,217,0,0,0,
2026-02-27 14:18:19,2026-02-27,14:00,1,206,0,0,0,
2026-02-27 14:18:24,2026-02-27,14:00,1,235,0,0,0,
2026-02-27 14:18:29,2026-02-27,14:00,1,213,0,0,0,
2026-02-27 14:18:35,2026-02-27,14:00,1,199,0,0,0,
2026-02-27 14:18:40,2026-02-27,14:00,1,207,0,0,0,
2026-02-27 14:18:45,2026-02-27,14:00,1,215,0,0,0,
2026-02-27 14:18:50,2026-02-27,14:00,1,205,0,0,0,
2026-02-27 14:18:55,2026-02-27,14:00,1,354,1,0,1,
2026-02-27 14:19:01,2026-02-27,14:00,1,265,0,0,1,
2026-02-27 14:19:06,2026-02-27,14:00,1,217,0,0,1,
2026-02-27 14:19:11,2026-02-27,14:00,1,230,0,0,1,
2026-02-27 14:19:17,2026-02-27,14:00,1,204,0,0,1,
2026-02-27 14:19:22,2026-02-27,14:00,1,216,0,0,1,
2026-02-27 14:19:27,2026-02-27,14:00,1,211,0,0,1,
2026-02-27 14:19:32,2026-02-27,14:00,1,231,0,0,1,
2026-02-27 14:19:38,2026-02-27,14:00,1,199,0,0,1,
2026-02-27 14:19:43,2026-02-27,14:00,1,224,0,0,1,
2026-02-27 14:19:48,2026-02-27,14:00,1,229,0,0,0,
2026-02-27 14:19:53,2026-02-27,14:00,1,198,0,0,0,
2026-02-27 14:19:59,2026-02-27,14:00,1,242,0,0,0,
2026-02-27 14:20:04,2026-02-27,14:00,1,255,0,0,0,
2026-02-27 14:20:09,2026-02-27,14:00,1,229,0,0,0,
2026-02-27 14:20:14,2026-02-27,14:00,1,198,0,0,0,
2026-02-27 14:20:20,2026-02-27,14:00,1,194,0,0,0,
2026-02-27 14:20:25,2026-02-27,14:00,1,250,0,0,0,
2026-02-27 14:20:30,2026-02-27,14:00,1,318,1,0,1,
2026-02-27 14:20:36,2026-02-27,14:00,1,238,0,0,1,
2026-02-27 14:20:41,2026-02-27,14:00,1,205,0,0,1,
2026-02-27 14:20:46,2026-02-27,14:00,1,218,0,0,1,
2026-02-27 14:20:51,2026-02-27,14:00,1,196,0,0,1,
2026-02-27 14:20:57,2026-02-27,14:00,1,217,0,0,1,
2026-02-27 14:21:02,2026-02-27,14:00,1,192,0,0,1,
2026-02-27 14:21:07,2026-02-27,14:00,1,203,0,0,1,
2026-02-27 14:21:12,2026-02-27,14:00,1,225,0,0,1,
2026-02-27 14:21:18,2026-02-27,14:00,1,213,0,0,1,
2026-02-27 14:21:23,2026-02-27,14:00,1,202,0,0,0,
2026-02-27 14:21:28,2026-02-27,14:00,1,200,0,0,0,
2026-02-27 14:21:33,2026-02-27,14:00,1,198,0,0,0,
2026-02-27 14:21:38,2026-02-27,14:00,1,233,0,0,0,
2026-02-27 14:21:44,2026-02-27,14:00,1,246,0,0,0,
2026-02-27 14:21:49,2026-02-27,14:00,1,223,0,0,0,
2026-02-27 14:21:54,2026-02-27,14:00,1,196,0,0,0,
2026-02-27 14:22:00,2026-02-27,14:00,1,215,0,0,0,
2026-02-27 14:22:05,2026-02-27,14:00,1,213,0,0,0,
2026-02-27 14:22:10,2026-02-27,14:00,1,246,0,0,0,
2026-02-27 14:22:15,2026-02-27,14:00,1,196,0,0,0,
2026-02-27 14:22:21,2026-02-27,14:00,1,217,0,0,0,
2026-02-27 14:22:26,2026-02-27,14:00,1,197,0,0,0,
2026-02-27 14:22:31,2026-02-27,14:00,1,247,0,0,0,
2026-02-27 14:22:36,2026-02-27,14:00,1,224,0,0,0,
2026-02-27 14:22:42,2026-02-27,14:00,1,205,0,0,0,
2026-02-27 14:22:47,2026-02-27,14:00,1,203,0,0,0,
2026-02-27 14:22:52,2026-02-27,14:00,1,208,0,0,0,
2026-02-27 14:22:57,2026-02-27,14:00,1,234,0,0,0,
2026-02-27 14:23:02,2026-02-27,14:00,1,212,0,0,0,
2026-02-27 14:23:08,2026-02-27,14:00,1,223,0,0,0,
2026-02-27 14:23:13,2026-02-27,14:00,1,221,0,0,0,
2026-02-27 14:23:18,2026-02-27,14:00,1,209,0,0,0,
2026-02-27 14:23:23,2026-02-27,14:00,1,36,0,0,0,
2026-02-27 14:23:29,2026-02-27,14:00,1,53,0,0,0,
2026-02-27 14:23:34,2026-02-27,14:00,1,53,0,0,0,
2026-02-27 14:23:39,2026-02-27,14:00,1,48,0,0,0,
2026-02-27 14:23:44,2026-02-27,14:00,1,23,0,0,0,
2026-02-27 14:23:49,2026-02-27,14:00,1,22,0,0,0,
2026-02-27 14:23:54,2026-02-27,14:00,1,26,0,0,0,
2026-02-27 14:23:59,2026-02-27,14:00,1,88,0,0,0,
2026-02-27 14:24:04,2026-02-27,14:00,1,33,0,0,0,
2026-02-27 14:24:09,2026-02-27,14:00,1,32,0,0,0,
2026-02-27 14:24:14,2026-02-27,14:00,1,63,0,0,0,
2026-02-27 14:24:19,2026-02-27,14:00,1,204,0,0,0,
2026-02-27 14:24:25,2026-02-27,14:00,1,203,0,0,0,
2026-02-27 14:24:30,2026-02-27,14:00,1,201,0,0,0,
2026-02-27 14:24:35,2026-02-27,14:00,1,220,0,0,0,
2026-02-27 14:24:40,2026-02-27,14:00,1,205,0,0,0,
2026-02-27 14:24:46,2026-02-27,14:00,1,199,0,0,0,
2026-02-27 14:24:51,2026-02-27,14:00,1,200,0,0,0,
2026-02-27 14:24:56,2026-02-27,14:00,1,210,0,0,0,
2026-02-27 14:25:01,2026-02-27,14:00,1,216,0,0,0,
2026-02-27 14:25:06,2026-02-27,14:00,1,318,1,0,1,
2026-02-27 14:25:12,2026-02-27,14:00,1,237,0,0,1,
2026-02-27 14:25:17,2026-02-27,14:00,1,233,0,0,1,
2026-02-27 14:25:22,2026-02-27,14:00,1,273,0,0,1,
2026-02-27 14:25:28,2026-02-27,14:00,1,202,0,0,1,
2026-02-27 14:25:33,2026-02-27,14:00,1,217,0,0,1,
2026-02-27 14:25:38,2026-02-27,14:00,1,198,0,0,1,
2026-02-27 14:25:43,2026-02-27,14:00,1,201,0,0,1,
2026-02-27 14:25:49,2026-02-27,14:00,1,328,1,0,2,
2026-02-27 14:25:54,2026-02-27,14:00,1,229,0,0,2,
2026-02-27 14:25:59,2026-02-27,14:00,1,206,0,0,1,
2026-02-27 14:26:05,2026-02-27,14:00,1,200,0,0,1,
2026-02-27 14:26:10,2026-02-27,14:00,1,198,0,0,1,
2026-02-27 14:26:15,2026-02-27,14:00,1,206,0,0,1,
2026-02-27 14:26:20,2026-02-27,14:00,1,212,0,0,1,
2026-02-27 14:26:25,2026-02-27,14:00,1,238,0,0,1,
2026-02-27 14:26:31,2026-02-27,14:00,1,499,1,0,2,
2026-02-27 14:26:36,2026-02-27,14:00,1,354,1,0,3,
2026-02-27 14:26:42,2026-02-27,14:00,1,219,0,0,2,
2026-02-27 14:26:47,2026-02-27,14:00,1,229,0,0,2,
2026-02-27 14:26:52,2026-02-27,14:00,1,252,0,0,2,
2026-02-27 14:26:58,2026-02-27,14:00,1,198,0,0,2,
2026-02-27 14:27:03,2026-02-27,14:00,1,233,0,0,2,
2026-02-27 14:27:08,2026-02-27,14:00,1,198,0,0,2,
2026-02-27 14:27:13,2026-02-27,14:00,1,238,0,0,2,
2026-02-27 14:27:19,2026-02-27,14:00,1,199,0,0,2,
2026-02-27 14:27:24,2026-02-27,14:00,1,198,0,0,1,
2026-02-27 14:27:29,2026-02-27,14:00,1,243,0,0,0,
2026-02-27 14:27:34,2026-02-27,14:00,1,201,0,0,0,
2026-02-27 14:27:40,2026-02-27,14:00,1,200,0,0,0,
2026-02-27 14:27:45,2026-02-27,14:00,1,198,0,0,0,
2026-02-27 14:27:50,2026-02-27,14:00,1,216,0,0,0,
2026-02-27 14:27:55,2026-02-27,14:00,1,230,0,0,0,
2026-02-27 14:28:01,2026-02-27,14:00,1,200,0,0,0,
2026-02-27 14:28:06,2026-02-27,14:00,1,204,0,0,0,
2026-02-27 14:28:11,2026-02-27,14:00,1,206,0,0,0,
2026-02-27 14:28:16,2026-02-27,14:00,1,216,0,0,0,
2026-02-27 14:28:21,2026-02-27,14:00,1,207,0,0,0,
2026-02-27 14:28:27,2026-02-27,14:00,1,199,0,0,0,
2026-02-27 14:28:32,2026-02-27,14:00,1,252,0,0,0,
2026-02-27 14:28:37,2026-02-27,14:00,1,236,0,0,0,
2026-02-27 14:28:42,2026-02-27,14:00,1,202,0,0,0,
2026-02-27 14:28:48,2026-02-27,14:00,1,204,0,0,0,
2026-02-27 14:28:53,2026-02-27,14:00,1,259,0,0,0,
2026-02-27 14:28:58,2026-02-27,14:00,1,206,0,0,0,
2026-02-27 14:29:04,2026-02-27,14:00,1,243,0,0,0,
2026-02-27 14:29:09,2026-02-27,14:00,1,199,0,0,0,
2026-02-27 14:29:14,2026-02-27,14:00,1,217,0,0,0,
2026-02-27 14:29:19,2026-02-27,14:00,1,269,0,0,0,
2026-02-27 14:29:25,2026-02-27,14:00,1,202,0,0,0,
2026-02-27 14:29:30,2026-02-27,14:00,1,208,0,0,0,
2026-02-27 14:29:35,2026-02-27,14:00,1,198,0,0,0,
2026-02-27 14:29:40,2026-02-27,14:00,1,224,0,0,0,
2026-02-27 14:29:46,2026-02-27,14:00,1,246,0,0,0,
2026-02-27 14:29:51,2026-02-27,14:00,1,211,0,0,0,
2026-02-27 14:29:56,2026-02-27,14:00,1,203,0,0,0,
2026-02-27 14:30:01,2026-02-27,14:00,1,208,0,0,0,
2026-02-27 14:30:07,2026-02-27,14:00,1,226,0,0,0,
2026-02-27 14:30:12,2026-02-27,14:00,1,343,1,0,1,
2026-02-27 14:30:17,2026-02-27,14:00,1,274,0,0,1,
2026-02-27 14:30:23,2026-02-27,14:00,1,273,0,0,1,
2026-02-27 14:30:28,2026-02-27,14:00,1,233,0,0,1,
2026-02-27 14:30:33,2026-02-27,14:00,1,207,0,0,1,
2026-02-27 14:30:38,2026-02-27,14:00,1,203,0,0,1,
2026-02-27 14:30:44,2026-02-27,14:00,1,217,0,0,1,
2026-02-27 14:30:49,2026-02-27,14:00,1,211,0,0,1,
2026-02-27 14:30:54,2026-02-27,14:00,1,292,0,0,1,
2026-02-27 14:30:59,2026-02-27,14:00,1,197,0,0,1,
2026-02-27 14:31:05,2026-02-27,14:00,1,210,0,0,0,
2026-02-27 14:31:10,2026-02-27,14:00,1,199,0,0,0,
2026-02-27 14:31:15,2026-02-27,14:00,1,299,0,0,0,
2026-02-27 14:31:21,2026-02-27,14:00,1,237,0,0,0,
2026-02-27 14:31:26,2026-02-27,14:00,1,201,0,0,0,
2026-02-27 14:31:31,2026-02-27,14:00,1,212,0,0,0,
2026-02-27 14:31:36,2026-02-27,14:00,1,228,0,0,0,
2026-02-27 14:31:42,2026-02-27,14:00,1,202,0,0,0,
2026-02-27 14:31:47,2026-02-27,14:00,1,196,0,0,0,
2026-02-27 14:31:52,2026-02-27,14:00,1,275,0,0,0,
2026-02-27 14:31:57,2026-02-27,14:00,1,223,0,0,0,
2026-02-27 14:32:03,2026-02-27,14:00,1,243,0,0,0,
2026-02-27 14:32:08,2026-02-27,14:00,1,235,0,0,0,
2026-02-27 14:32:13,2026-02-27,14:00,1,208,0,0,0,
2026-02-27 14:32:18,2026-02-27,14:00,1,199,0,0,0,
2026-02-27 14:32:24,2026-02-27,14:00,1,225,0,0,0,
2026-02-27 14:32:29,2026-02-27,14:00,1,200,0,0,0,
2026-02-27 14:32:34,2026-02-27,14:00,1,323,1,0,1,
